x,y
0.0,1.0
5.00773e-05,0.999906
0.000200334,0.999622
0.000450916,0.99915
0.0008021,0.99849
0.00125429,0.997641
0.00180804,0.996604
0.00246399,0.99538
0.00322293,0.993968
0.00408576,0.992369
0.0050535,0.990583
0.00612727,0.988612
0.00730828,0.986455
0.00859784,0.984114
0.00999736,0.981589
0.0115083,0.978882
0.0131322,0.975991
0.0148707,0.97292
0.0167254,0.969669
0.0186979,0.966238
0.0207901,0.962629
0.0230035,0.958842
0.0253399,0.954881
0.0278011,0.950744
0.0303885,0.946434
0.033104,0.941953
0.035949,0.9373
0.038925,0.932479
0.0420334,0.927491
0.0452756,0.922336
0.0486527,0.917017
0.0521659,0.911536
0.0558161,0.905894
0.059604,0.900092
0.0635304,0.894134
0.0675957,0.888021
0.0718003,0.881754
0.0761443,0.875335
0.0806278,0.868768
0.0852505,0.862054
0.0900121,0.855194
0.0949121,0.848192
0.0999497,0.841049
0.105124,0.833768
0.110434,0.826351
0.115879,0.818801
0.121457,0.81112
0.127167,0.80331
0.133006,0.795374
0.138975,0.787315
0.14507,0.779135
0.151289,0.770838
0.157632,0.762424
0.164095,0.753898
0.170677,0.745263
0.177376,0.73652
0.184189,0.727673
0.191114,0.718725
0.19815,0.709679
0.205293,0.700538
0.212542,0.691305
0.219895,0.681983
0.22735,0.672575
0.234905,0.663084
0.242557,0.653513
0.250305,0.643866
0.258147,0.634146
0.266081,0.624357
0.274105,0.614501
0.282219,0.604582
0.290419,0.594604
0.298704,0.584569
0.307074,0.574482
0.315526,0.564345
0.324058,0.554163
0.33267,0.543939
0.34136,0.533677
0.350126,0.523379
0.358967,0.513051
0.367882,0.502695
0.376868,0.492316
0.385924,0.481917
0.39505,0.471502
0.404242,0.461074
0.413499,0.450638
0.42282,0.440198
0.432202,0.429757
0.441643,0.419319
0.451141,0.408889
0.460693,0.39847
0.470298,0.388067
0.479952,0.377683
0.489652,0.367323
0.499396,0.356991
0.50918,0.34669
0.519001,0.336426
0.528855,0.326202
0.538737,0.316023
0.548645,0.305893
0.558573,0.295817
0.568518,0.285799
0.578473,0.275842
0.588434,0.265953
0.598396,0.256136
0.608353,0.246394
0.618298,0.236733
0.628227,0.227158
0.638131,0.217673
0.648005,0.208284
0.657842,0.198995
0.667634,0.189811
0.677373,0.180738
0.687051,0.17178
0.696661,0.162944
0.706193,0.154235
0.715639,0.145657
0.72499,0.137219
0.734236,0.128924
0.743367,0.120779
0.752372,0.112792
0.761242,0.104968
0.769965,0.0973143
0.778528,0.0898384
0.782725,0.0825479
0.783236,0.075451
0.783484,0.0685561
0.783962,0.0618726
0.784193,0.0554104
0.784415,0.0491802
0.784628,0.0431939
0.784832,0.0374645
0.785025,0.0320069
0.785208,0.0268379
0.785293,0.0219768
0.785373,0.0174471
0.785446,0.013277
0.78548,0.00950296
0.785494,0.00617372
0.785506,0.00336107
0.785511,0.00118843
0.785514,0.0
0.000100171,1.0
0.000250461,0.999717
0.00050091,0.999245
0.00085149,0.998583
0.00130217,0.997732
0.00185294,0.996689
0.00250375,0.995455
0.0032546,0.994028
0.00410546,0.992406
0.0050563,0.990589
0.00610712,0.988573
0.00725791,0.986359
0.00850864,0.983942
0.00985933,0.981323
0.01131,0.978497
0.0128605,0.975463
0.0145111,0.972218
0.0162616,0.96876
0.0181121,0.965085
0.0200625,0.961193
0.022113,0.957079
0.0242635,0.952741
0.0265139,0.948177
0.0288644,0.943384
0.0313149,0.93836
0.0338654,0.933103
0.0365158,0.927612
0.0392662,0.921885
0.0421165,0.91592
0.0450666,0.909718
0.0481165,0.903277
0.051266,0.896599
0.0545151,0.889682
0.0578636,0.88253
0.0613114,0.875143
0.0648582,0.867523
0.0685039,0.859674
0.0722482,0.851598
0.0760909,0.8433
0.0800317,0.834783
0.0840702,0.826053
0.0882062,0.817114
0.0924391,0.807972
0.0967686,0.798632
0.101194,0.789101
0.105715,0.779385
0.110331,0.76949
0.115042,0.759423
0.119846,0.74919
0.124743,0.738798
0.129732,0.728253
0.134812,0.717562
0.139983,0.706732
0.145243,0.695769
0.150592,0.684679
0.156027,0.673468
0.161549,0.662144
0.167156,0.650712
0.172847,0.639178
0.178619,0.627548
0.184473,0.615828
0.190406,0.604024
0.196418,0.592141
0.202506,0.580186
0.208669,0.568164
0.214906,0.556081
0.221215,0.543942
0.227594,0.531753
0.234041,0.519519
0.240556,0.507245
0.247135,0.494938
0.253778,0.482602
0.260482,0.470242
0.267246,0.457865
0.274067,0.445473
0.280944,0.433074
0.287875,0.420671
0.294857,0.408269
0.301889,0.395873
0.308968,0.383488
0.316092,0.371119
0.323259,0.358769
0.330465,0.346442
0.337708,0.334145
0.344986,0.321879
0.35233,0.309597
0.359721,0.297359
0.367098,0.285305
0.374503,0.273401
0.381955,0.261626
0.389463,0.249973
0.397032,0.238438
0.404661,0.22702
0.41235,0.215718
0.420096,0.204533
0.427897,0.193466
0.43575,0.182519
0.443653,0.171693
0.4516,0.16099
0.45959,0.150411
0.467618,0.139958
0.475679,0.129633
0.483769,0.119437
0.491884,0.109373
0.500018,0.0994432
0.508166,0.0896495
0.516323,0.0799944
0.524482,0.0704805
0.532637,0.0611103
0.540783,0.0518868
0.548911,0.0428129
0.557016,0.0338917
0.565089,0.0251264
0.573122,0.0165205
0.581096,0.00809278
0.588804,0.0
0.0004008,1.0
0.000651627,0.999529
0.00100274,0.998869
0.00145411,0.99802
0.00200571,0.99698
0.00265753,0.995748
0.00340954,0.994324
0.00426173,0.992707
0.00521408,0.990893
0.00626658,0.988883
0.00741923,0.986674
0.00867202,0.984264
0.010025,0.981651
0.011478,0.978832
0.0130313,0.975806
0.0146847,0.972569
0.0164383,0.96912
0.0182922,0.965456
0.0202462,0.961574
0.0223006,0.957471
0.0244552,0.953145
0.0267101,0.948594
0.0290653,0.943815
0.0315208,0.938806
0.0340767,0.933565
0.0367328,0.92809
0.0394893,0.92238
0.042346,0.916434
0.045303,0.91025
0.0483601,0.90383
0.0515172,0.897172
0.0547743,0.890278
0.0581313,0.883149
0.061588,0.875785
0.0651441,0.86819
0.0687997,0.860367
0.0725543,0.852317
0.0764077,0.844046
0.0803597,0.835557
0.0844099,0.826856
0.0885579,0.817946
0.0928034,0.808833
0.097146,0.799524
0.101585,0.790023
0.10612,0.780338
0.11075,0.770474
0.115476,0.760438
0.120295,0.750237
0.125207,0.739876
0.130212,0.729363
0.135309,0.718704
0.140496,0.707906
0.145773,0.696974
0.151139,0.685916
0.156593,0.674737
0.162132,0.663444
0.167757,0.652042
0.173466,0.640539
0.179258,0.62894
0.185131,0.61725
0.191083,0.605476
0.197114,0.593623
0.203222,0.581697
0.209405,0.569704
0.215662,0.557649
0.221992,0.545538
0.228391,0.533377
0.23486,0.52117
0.241395,0.508923
0.247996,0.496642
0.254661,0.484331
0.261387,0.471996
0.268173,0.459643
0.275017,0.447275
0.281916,0.434899
0.28887,0.422518
0.295876,0.410138
0.302931,0.397764
0.310034,0.385399
0.317182,0.373049
0.324373,0.360718
0.331604,0.34841
0.338872,0.336129
0.346176,0.323881
0.353539,0.31161
0.360932,0.299356
0.368291,0.287249
0.375663,0.275262
0.383072,0.263389
0.390531,0.251629
0.398047,0.239984
0.40562,0.228454
0.413251,0.217042
0.420939,0.20575
0.428681,0.194578
0.436474,0.183528
0.444316,0.172602
0.452204,0.161802
0.460132,0.151129
0.468099,0.140585
0.476099,0.130171
0.484129,0.11989
0.492183,0.109744
0.500256,0.0997339
0.508344,0.0898632
0.51644,0.0801338
0.52454,0.0705483
0.532637,0.0611094
0.540724,0.0518197
0.548794,0.0426823
0.556842,0.0337001
0.564859,0.0248764
0.572837,0.0162147
0.580756,0.00773337
0.588025,0.0
0.000902314,1.0
0.0012543,0.999343
0.00170681,0.998497
0.00225981,0.997461
0.00291329,0.996234
0.00366723,0.994816
0.00452163,0.993205
0.00547647,0.991399
0.00653176,0.989397
0.00768749,0.987197
0.00894368,0.984796
0.0103003,0.982194
0.0117575,0.979387
0.0133151,0.976374
0.0149733,0.973152
0.0167321,0.969718
0.0185915,0.966069
0.0205515,0.962204
0.0226123,0.95812
0.0247737,0.953814
0.0270359,0.949284
0.029399,0.944528
0.0318629,0.939543
0.0344276,0.934327
0.0370932,0.928879
0.0398597,0.923197
0.042727,0.917281
0.0456952,0.911129
0.0487642,0.904742
0.051934,0.898119
0.0552044,0.891261
0.0585753,0.884169
0.0620466,0.876844
0.0656183,0.86929
0.0692899,0.861508
0.0730615,0.853502
0.0769326,0.845275
0.080903,0.836832
0.0849724,0.828177
0.0891404,0.819314
0.0934066,0.81025
0.0977706,0.80099
0.102232,0.791539
0.10679,0.781904
0.111444,0.772092
0.116193,0.762107
0.121037,0.751957
0.125975,0.741648
0.131006,0.731187
0.13613,0.72058
0.141345,0.709833
0.14665,0.698954
0.152044,0.687947
0.157526,0.676819
0.163095,0.665577
0.16875,0.654227
0.174489,0.642774
0.180312,0.631225
0.186216,0.619585
0.1922,0.60786
0.198263,0.596055
0.204404,0.584178
0.21062,0.572232
0.21691,0.560224
0.223273,0.548159
0.229707,0.536043
0.23621,0.52388
0.242781,0.511677
0.249417,0.499439
0.256117,0.48717
0.262879,0.474876
0.269702,0.462563
0.276583,0.450234
0.28352,0.437896
0.290512,0.425552
0.297556,0.413208
0.30465,0.400869
0.311792,0.388538
0.31898,0.37622
0.326211,0.36392
0.333483,0.351643
0.340793,0.339392
0.348138,0.327171
0.35554,0.314932
0.362963,0.30271
0.37034,0.290603
0.377707,0.278576
0.385096,0.266626
0.392525,0.254767
0.400002,0.24301
0.407532,0.231363
0.415117,0.219831
0.422756,0.208418
0.430448,0.197128
0.438191,0.185962
0.445982,0.174922
0.453817,0.164012
0.461694,0.153231
0.469608,0.142582
0.477556,0.132067
0.485533,0.121688
0.493534,0.111446
0.501555,0.101344
0.509591,0.0913848
0.517635,0.0815695
0.525683,0.0719011
0.533728,0.0623822
0.541765,0.0530155
0.549785,0.0438039
0.557783,0.0347505
0.565751,0.0258584
0.573681,0.0171311
0.581552,0.00858669
0.588787,0.000813256
0.589546,0.0
0.00160546,1.0
0.00205955,0.99916
0.00261449,0.99813
0.00327027,0.99691
0.0040269,0.995499
0.00488436,0.993897
0.00584266,0.992101
0.00690181,0.99011
0.00806183,0.987922
0.00932273,0.985536
0.0106846,0.982948
0.0121473,0.980158
0.0137111,0.977162
0.0153759,0.973959
0.0171418,0.970546
0.0190089,0.96692
0.0209772,0.963079
0.0230468,0.95902
0.0252178,0.954741
0.0274901,0.95024
0.029864,0.945515
0.0323394,0.940562
0.0349164,0.935381
0.037595,0.92997
0.0403754,0.924328
0.0432574,0.918452
0.0462411,0.912343
0.0493266,0.906001
0.0525136,0.899425
0.0558023,0.892616
0.0591925,0.885575
0.0626841,0.878304
0.0662769,0.870805
0.0699709,0.86308
0.0737657,0.855132
0.0776611,0.846966
0.0816569,0.838584
0.0857527,0.829992
0.0899482,0.821195
0.0942428,0.812197
0.0986363,0.803003
0.103128,0.79362
0.107717,0.784054
0.112404,0.774311
0.117186,0.764396
0.122065,0.754316
0.127038,0.744078
0.132105,0.733687
0.137265,0.723151
0.142517,0.712475
0.147861,0.701666
0.153294,0.69073
0.158816,0.679672
0.164426,0.6685
0.170122,0.657219
0.175903,0.645835
0.181768,0.634355
0.187715,0.622782
0.193743,0.611125
0.19985,0.599387
0.206035,0.587575
0.212297,0.575694
0.218633,0.56375
0.225042,0.551748
0.231523,0.539694
0.238073,0.527593
0.244692,0.51545
0.251377,0.503271
0.258126,0.49106
0.264938,0.478822
0.271811,0.466564
0.278743,0.454289
0.285732,0.442003
0.292776,0.429711
0.299873,0.417417
0.307021,0.405125
0.314217,0.392841
0.321459,0.380568
0.328746,0.368312
0.336074,0.356077
0.34344,0.343866
0.350843,0.331684
0.3583,0.31949
0.365771,0.307324
0.373196,0.29527
0.380603,0.283278
0.388015,0.271321
0.395443,0.25941
0.402904,0.247564
0.410408,0.235806
0.417961,0.224151
0.425565,0.212611
0.433218,0.201191
0.440921,0.189896
0.44867,0.17873
0.456463,0.167694
0.464297,0.156792
0.472168,0.146024
0.480072,0.135394
0.488004,0.124903
0.495962,0.114553
0.503939,0.104346
0.511931,0.0942845
0.519931,0.0843707
0.527936,0.074607
0.535938,0.0649961
0.543931,0.0555407
0.551909,0.0462435
0.559865,0.0371077
0.567792,0.0281363
0.575682,0.0193327
0.583513,0.0107151
0.590714,0.00288689
0.591473,0.00206798
0.593394,0.0
0.00251132,1.0
0.00306873,0.998981
0.00372745,0.997769
0.00448749,0.996369
0.00534885,0.994777
0.00631155,0.992994
0.00737562,0.991017
0.00854109,0.988845
0.00980799,0.986476
0.0111764,0.983907
0.0126463,0.981137
0.0142178,0.978164
0.0158911,0.974984
0.0176661,0.971597
0.0195429,0.967999
0.0215217,0.964188
0.0236025,0.960161
0.0257855,0.955917
0.0280707,0.951452
0.0304582,0.946765
0.0329482,0.941854
0.0355408,0.936716
0.0382359,0.931351
0.0410337,0.925756
0.0439343,0.919932
0.0469376,0.913876
0.0500438,0.90759
0.0532527,0.901072
0.0565645,0.894325
0.0599789,0.887347
0.063496,0.880142
0.0671156,0.872711
0.0708375,0.865057
0.0746616,0.857182
0.0785876,0.849091
0.0826153,0.840786
0.0867443,0.832273
0.0909742,0.823555
0.0953046,0.814638
0.099735,0.805528
0.104265,0.796229
0.108894,0.786748
0.113621,0.77709
0.118445,0.767262
0.123367,0.757269
0.128384,0.747119
0.133496,0.736816
0.138702,0.726367
0.144002,0.715779
0.149393,0.705058
0.154875,0.694209
0.160447,0.683239
0.166108,0.672154
0.171855,0.66096
0.177689,0.649662
0.183607,0.638267
0.189608,0.626779
0.195691,0.615205
0.201853,0.603551
0.208095,0.591821
0.214413,0.580022
0.220807,0.568158
0.227275,0.556235
0.233815,0.544259
0.240425,0.532235
0.247104,0.520167
0.25385,0.508062
0.260662,0.495923
0.267536,0.483757
0.274473,0.471568
0.281469,0.459362
0.288522,0.447142
0.295632,0.434914
0.302795,0.422682
0.31001,0.410451
0.317274,0.398226
0.324586,0.386011
0.331942,0.37381
0.339341,0.361628
0.346779,0.349469
0.354254,0.337336
0.36178,0.325199
0.369311,0.313104
0.376798,0.301117
0.384267,0.289197
0.391743,0.277302
0.399224,0.265437
0.406722,0.253588
0.414236,0.241779
0.421781,0.230031
0.429366,0.218372
0.436996,0.206821
0.44467,0.19539
0.452388,0.184085
0.460149,0.172912
0.46795,0.161874
0.475786,0.150974
0.483656,0.140214
0.491554,0.129596
0.499477,0.119124
0.507419,0.108797
0.515375,0.0986204
0.523341,0.0885946
0.53131,0.0787226
0.539278,0.0690069
0.547237,0.0594502
0.555181,0.0500552
0.563103,0.040825
0.570996,0.0317627
0.578853,0.0228715
0.586653,0.0141696
0.593825,0.00627218
0.594591,0.00543768
0.596509,0.00335968
0.599618,0.0
0.0036213,1.00001
0.00428356,0.998807
0.00504772,0.997418
0.00591379,0.99584
0.0068818,0.994071
0.0079518,0.992111
0.00912383,0.989958
0.010398,0.987609
0.0117743,0.985063
0.0132528,0.982317
0.0148337,0.97937
0.0165171,0.976219
0.0183029,0.972863
0.0201915,0.969298
0.0221829,0.965522
0.0242772,0.961533
0.0264746,0.957329
0.0287753,0.952907
0.0311793,0.948266
0.0336868,0.943403
0.0362979,0.938317
0.0390128,0.933005
0.0418315,0.927468
0.0447543,0.921703
0.0477811,0.915711
0.050912,0.90949
0.0541471,0.903041
0.0574863,0.896365
0.0609297,0.889462
0.0644771,0.882335
0.0681286,0.874984
0.0718839,0.867412
0.0757429,0.859623
0.0797053,0.851619
0.0837709,0.843404
0.0879393,0.834982
0.0922102,0.826358
0.096583,0.817537
0.101057,0.808524
0.105633,0.799323
0.110308,0.789941
0.115084,0.780384
0.119958,0.770657
0.12493,0.760766
0.13,0.750718
0.135165,0.740518
0.140427,0.730173
0.145782,0.719688
0.15123,0.709069
0.156771,0.698324
0.162402,0.687457
0.168123,0.676474
0.173932,0.665381
0.179828,0.654185
0.185809,0.64289
0.191874,0.631502
0.198022,0.620028
0.204251,0.608471
0.210559,0.596839
0.216945,0.585136
0.223408,0.573367
0.229945,0.561538
0.236555,0.549654
0.243236,0.537721
0.249988,0.525743
0.256807,0.513725
0.263692,0.501673
0.270641,0.489592
0.277653,0.477486
0.284725,0.46536
0.291856,0.45322
0.299044,0.441069
0.306287,0.428912
0.313582,0.416755
0.320927,0.4046
0.328321,0.392454
0.33576,0.38032
0.343243,0.368202
0.350767,0.356104
0.358328,0.344032
0.365935,0.331963
0.373538,0.319952
0.3811,0.308045
0.388642,0.296208
0.396197,0.284391
0.403754,0.27261
0.411334,0.260834
0.41892,0.249092
0.426523,0.237362
0.434139,0.225668
0.441775,0.214035
0.449442,0.202486
0.457146,0.191046
0.464888,0.179729
0.472667,0.168545
0.48048,0.157499
0.488325,0.146596
0.496198,0.135837
0.504095,0.125227
0.512011,0.114767
0.519941,0.10446
0.527881,0.094308
0.535825,0.0843136
0.543766,0.0744793
0.551699,0.0648079
0.559618,0.055302
0.567515,0.0459647
0.575383,0.0367989
0.583216,0.027808
0.590992,0.01901
0.598143,0.0110291
0.598925,0.0101668
0.600848,0.00806577
0.603952,0.00469253
0.608278,0.0
0.00493714,1.00002
0.00570609,0.99864
0.00657764,0.997077
0.00755184,0.995326
0.00862874,0.993385
0.00980842,0.991253
0.011091,0.988927
0.0124765,0.986406
0.013965,0.983689
0.0155568,0.980772
0.0172519,0.977654
0.0190505,0.974332
0.0209527,0.970805
0.0229587,0.96707
0.0250686,0.963124
0.0272828,0.958966
0.0296012,0.954593
0.0320243,0.950004
0.034552,0.945196
0.0371846,0.940167
0.0399223,0.934917
0.0427652,0.929444
0.0457136,0.923748
0.0487674,0.917826
0.0519268,0.91168
0.055192,0.905309
0.0585629,0.898713
0.0620395,0.891895
0.0656219,0.884854
0.0693099,0.877593
0.0731035,0.870115
0.0770025,0.862421
0.0810066,0.854515
0.0851157,0.846401
0.0893293,0.838083
0.0936471,0.829564
0.0980686,0.82085
0.102593,0.811946
0.107221,0.802856
0.11195,0.793586
0.11678,0.784142
0.121711,0.774529
0.126742,0.764753
0.131871,0.75482
0.137098,0.744736
0.142422,0.734507
0.147841,0.724138
0.153355,0.713636
0.158962,0.703007
0.164661,0.692256
0.170451,0.681389
0.17633,0.670412
0.182298,0.65933
0.188351,0.648149
0.19449,0.636875
0.200712,0.625513
0.207017,0.614068
0.213402,0.602546
0.219865,0.590953
0.226407,0.579292
0.233023,0.56757
0.239714,0.555792
0.246477,0.543963
0.253311,0.532087
0.260214,0.52017
0.267183,0.508218
0.274218,0.496233
0.281317,0.484222
0.288477,0.47219
0.295697,0.46014
0.302975,0.448078
0.310308,0.436008
0.317695,0.423935
0.325134,0.411863
0.332622,0.399796
0.340157,0.387739
0.347737,0.375696
0.355358,0.363671
0.363019,0.351668
0.37072,0.339677
0.378406,0.327762
0.386054,0.315947
0.39368,0.304206
0.401324,0.292477
0.408969,0.28079
0.416644,0.2691
0.42432,0.257452
0.43202,0.245809
0.439733,0.234194
0.447449,0.222614
0.455177,0.21106
0.46291,0.199563
0.47066,0.188143
0.478436,0.176827
0.48624,0.165635
0.494073,0.15458
0.501932,0.143669
0.509813,0.132908
0.517713,0.1223
0.525627,0.111848
0.53355,0.101555
0.541476,0.0914234
0.549401,0.0814562
0.557317,0.071656
0.565219,0.0620254
0.5731,0.0525674
0.580952,0.043285
0.588769,0.0341814
0.596529,0.0252748
0.603669,0.0171966
0.604478,0.0162932
0.606414,0.0141545
0.60952,0.0107517
0.61384,0.00604258
0.619392,0.0
0.00646094,1.00003
0.00733871,0.99848
0.00831993,0.996749
0.00940466,0.994829
0.010593,0.992721
0.0118851,0.990421
0.013281,0.987929
0.0147809,0.985242
0.016385,0.982359
0.0180934,0.979277
0.0199063,0.975995
0.0218239,0.972509
0.0238464,0.968819
0.0259741,0.964921
0.0282071,0.960814
0.0305457,0.956495
0.0329901,0.951963
0.0355406,0.947215
0.0381975,0.942251
0.0409608,0.937069
0.0438309,0.931667
0.046808,0.926045
0.0498921,0.920201
0.0530836,0.914136
0.0563824,0.90785
0.0597888,0.901344
0.0633027,0.894617
0.0669241,0.887672
0.0706531,0.88051
0.0744895,0.873133
0.0784331,0.865544
0.0824839,0.857746
0.0866414,0.849742
0.0909054,0.841537
0.0952755,0.833133
0.0997512,0.824536
0.104332,0.815751
0.109017,0.806782
0.113806,0.797634
0.118698,0.788313
0.123692,0.778825
0.128788,0.769175
0.133984,0.759368
0.139279,0.749411
0.144673,0.739309
0.150163,0.729068
0.15575,0.718694
0.161431,0.708192
0.167206,0.697569
0.173073,0.686829
0.17903,0.675979
0.185077,0.665024
0.191211,0.653969
0.197432,0.64282
0.203737,0.631582
0.210126,0.620261
0.216596,0.608861
0.223147,0.597389
0.229776,0.585848
0.236482,0.574245
0.243262,0.562584
0.250117,0.550871
0.257043,0.539109
0.264039,0.527304
0.271103,0.515462
0.278234,0.503586
0.285429,0.491682
0.292688,0.479753
0.300007,0.467806
0.307385,0.455843
0.31482,0.443871
0.32231,0.431892
0.329853,0.419913
0.337447,0.407936
0.345089,0.395966
0.352777,0.384007
0.360508,0.372064
0.36828,0.36014
0.376086,0.348238
0.383865,0.336429
0.39161,0.324716
0.399329,0.313081
0.407075,0.30145
0.414817,0.289869
0.422599,0.278272
0.430375,0.26673
0.438184,0.255182
0.446006,0.243663
0.453831,0.232184
0.461677,0.220721
0.469518,0.20931
0.477361,0.197936
0.485206,0.186605
0.493045,0.175346
0.500892,0.164178
0.508755,0.153127
0.516635,0.142214
0.524531,0.131449
0.532439,0.12084
0.540355,0.110393
0.548274,0.10011
0.556191,0.0899952
0.5641,0.0800515
0.571994,0.0702817
0.579868,0.0606887
0.587713,0.0512757
0.595522,0.0420459
0.603276,0.0330173
0.610413,0.0248276
0.611259,0.0238695
0.61322,0.0216775
0.616337,0.0182281
0.620657,0.0134837
0.626202,0.00742171
0.633001,0.0
0.00819515,1.00004
0.00918418,0.998331
0.0102776,0.996435
0.0114756,0.994352
0.0127783,0.992081
0.0141858,0.989621
0.0156983,0.986968
0.0173161,0.984121
0.0190392,0.981079
0.020868,0.977838
0.0228027,0.974398
0.0248435,0.970756
0.0269907,0.96691
0.0292446,0.962858
0.0316055,0.958598
0.0340737,0.954128
0.0366493,0.949446
0.0393329,0.944551
0.0421245,0.939441
0.0450246,0.934116
0.0480333,0.928574
0.0511508,0.922814
0.0543775,0.916837
0.0577134,0.910643
0.0611586,0.904231
0.0647134,0.897603
0.0683777,0.89076
0.0721515,0.883704
0.0760348,0.876436
0.0800274,0.868959
0.0841291,0.861276
0.0883397,0.85339
0.0926588,0.845305
0.0970861,0.837024
0.101621,0.828553
0.106263,0.819894
0.111011,0.811054
0.115866,0.802038
0.120825,0.792849
0.125888,0.783494
0.131054,0.773979
0.136323,0.764307
0.141693,0.754486
0.147162,0.744521
0.152731,0.734417
0.158397,0.724181
0.164159,0.713816
0.170016,0.70333
0.175967,0.692728
0.18201,0.682014
0.188143,0.671196
0.194366,0.660277
0.200676,0.649263
0.207073,0.63816
0.213554,0.626972
0.220118,0.615705
0.226763,0.604364
0.233488,0.592954
0.240291,0.581479
0.24717,0.569946
0.254124,0.558358
0.261152,0.546721
0.26825,0.535039
0.275418,0.523317
0.282654,0.511559
0.289955,0.499771
0.297321,0.487957
0.304749,0.476122
0.312238,0.464269
0.319784,0.452403
0.327388,0.44053
0.335045,0.428652
0.342754,0.416774
0.350513,0.404901
0.35832,0.393036
0.366171,0.381184
0.374065,0.369348
0.381987,0.357544
0.389869,0.345851
0.397719,0.334249
0.405543,0.322729
0.413399,0.311205
0.421248,0.299737
0.429147,0.288243
0.437032,0.276815
0.444961,0.26537
0.452902,0.253956
0.460846,0.242586
0.46882,0.231221
0.476783,0.219918
0.484754,0.208649
0.492736,0.197413
0.500699,0.186248
0.508655,0.175131
0.516603,0.16407
0.524533,0.153091
0.532452,0.142217
0.540374,0.131467
0.548298,0.120865
0.556222,0.110423
0.564142,0.100149
0.572053,0.0900484
0.57995,0.080125
0.587825,0.0703825
0.595672,0.0608243
0.603484,0.0514538
0.61124,0.0422891
0.618383,0.0339736
0.619277,0.0329468
0.621274,0.0306858
0.624413,0.0271719
0.628742,0.0223725
0.634285,0.01627
0.641076,0.00882636
0.649139,0.0
0.0101426,1.00006
0.0112456,0.998193
0.0124541,0.996139
0.0137684,0.993898
0.0151886,0.991471
0.016715,0.988854
0.0183477,0.986046
0.0200869,0.983046
0.0219331,0.979851
0.0238864,0.97646
0.0259472,0.97287
0.0281158,0.969079
0.0303925,0.965086
0.0327776,0.960888
0.0352715,0.956483
0.0378746,0.951871
0.0405871,0.94705
0.0434095,0.942017
0.0463421,0.936773
0.0493851,0.931316
0.0525388,0.925645
0.0558036,0.919761
0.0591796,0.913662
0.062667,0.907351
0.0662659,0.900827
0.0699765,0.894092
0.0737987,0.887146
0.0777325,0.879993
0.0817779,0.872634
0.0859345,0.865072
0.0902023,0.85731
0.0945807,0.849352
0.0990695,0.841201
0.103668,0.832861
0.108376,0.824336
0.113192,0.815632
0.118117,0.806753
0.123148,0.797704
0.128286,0.788489
0.133528,0.779115
0.138875,0.769587
0.144325,0.75991
0.149876,0.750089
0.155528,0.74013
0.16128,0.730038
0.167129,0.719819
0.173075,0.709479
0.179116,0.699021
0.185251,0.688453
0.191478,0.677779
0.197795,0.667005
0.204202,0.656135
0.210696,0.645175
0.217277,0.634129
0.223941,0.623004
0.230689,0.611803
0.237517,0.600532
0.244425,0.589195
0.251411,0.577798
0.258472,0.566345
0.265608,0.554841
0.272817,0.543291
0.280097,0.531698
0.287446,0.520068
0.294862,0.508406
0.302344,0.496715
0.30989,0.485
0.317497,0.473266
0.325165,0.461517
0.33289,0.449756
0.340671,0.437989
0.348505,0.42622
0.356391,0.414452
0.364326,0.402689
0.372307,0.390937
0.380332,0.379198
0.388379,0.367499
0.396373,0.355931
0.404338,0.344448
0.412274,0.333051
0.420249,0.321642
0.428214,0.310295
0.436239,0.298911
0.444243,0.287604
0.4523,0.27627
0.46037,0.264967
0.468441,0.253713
0.476553,0.242452
0.484648,0.231264
0.492754,0.220107
0.500882,0.208971
0.508983,0.197921
0.517083,0.186914
0.525185,0.175953
0.53326,0.165073
0.541308,0.154269
0.549338,0.143529
0.557337,0.132875
0.565298,0.122338
0.573242,0.11193
0.581171,0.101677
0.589082,0.0915941
0.59697,0.0816916
0.604829,0.0719754
0.612653,0.0624503
0.620421,0.0531353
0.627579,0.0446794
0.628533,0.0435696
0.630576,0.0412238
0.633749,0.0376276
0.638098,0.0327531
0.643648,0.026588
0.650436,0.019099
0.658489,0.0102483
0.667827,0.0
0.0123064,1.00009
0.0135264,0.998069
0.0148533,0.995861
0.0162872,0.993469
0.0178285,0.99089
0.0194773,0.988124
0.021234,0.985169
0.0230989,0.982022
0.0250724,0.978682
0.0271547,0.975146
0.0293463,0.971413
0.0316475,0.967482
0.0340587,0.963349
0.0365804,0.959014
0.0392128,0.954475
0.0419566,0.94973
0.044812,0.944779
0.0477793,0.939619
0.0508591,0.93425
0.0540516,0.928672
0.0573572,0.922885
0.060776,0.916887
0.0643084,0.91068
0.0679546,0.904264
0.0717145,0.897641
0.0755884,0.890811
0.0795761,0.883777
0.0836776,0.876541
0.0878928,0.869104
0.0922214,0.861471
0.096663,0.853644
0.101217,0.845627
0.105884,0.837424
0.110661,0.829039
0.11555,0.820476
0.120549,0.81174
0.125657,0.802835
0.130873,0.793767
0.136197,0.78454
0.141626,0.775161
0.147161,0.765633
0.152799,0.755963
0.15854,0.746155
0.164382,0.736214
0.170324,0.726147
0.176365,0.715959
0.182502,0.705654
0.188734,0.695238
0.19506,0.684715
0.201479,0.674092
0.207988,0.663373
0.214587,0.652563
0.221273,0.641668
0.228045,0.630691
0.234901,0.619638
0.241839,0.608514
0.248859,0.597323
0.255958,0.58607
0.263134,0.57476
0.270387,0.563397
0.277713,0.551986
0.285112,0.540531
0.292582,0.529037
0.30012,0.517508
0.307726,0.505948
0.315397,0.494362
0.323132,0.482755
0.330928,0.47113
0.338783,0.459491
0.346696,0.447842
0.354664,0.436189
0.362685,0.424534
0.370757,0.412882
0.378877,0.401237
0.387043,0.389603
0.395223,0.378018
0.403336,0.366581
0.411424,0.355225
0.41948,0.343958
0.427584,0.332671
0.435673,0.321452
0.443832,0.310184
0.451963,0.299005
0.460156,0.287788
0.468364,0.276603
0.47657,0.26547
0.484828,0.254319
0.493062,0.243251
0.501313,0.23221
0.509596,0.22118
0.517841,0.210249
0.526092,0.199357
0.534356,0.1885
0.542587,0.177734
0.550792,0.167047
0.558991,0.156412
0.567163,0.145858
0.575273,0.135425
0.583357,0.12506
0.591397,0.114791
0.59938,0.104639
0.607308,0.0946288
0.615198,0.0847727
0.623047,0.075094
0.630839,0.0656215
0.638024,0.0570135
0.639046,0.0558068
0.641147,0.0533607
0.644365,0.0496645
0.648746,0.044695
0.654315,0.0384451
0.661108,0.0308862
0.669157,0.0219854
0.678484,0.0117106
0.689127,0.0
0.0146902,1.00013
0.0160306,0.997961
0.0174792,0.995605
0.0190364,0.993067
0.0207026,0.990344
0.0224779,0.987435
0.0243629,0.984338
0.0263578,0.981051
0.0284632,0.977573
0.0306793,0.9739
0.0330066,0.970033
0.0354457,0.965969
0.0379969,0.961705
0.0406607,0.957242
0.0434376,0.952577
0.046328,0.947709
0.0493324,0.942637
0.0524512,0.93736
0.0556848,0.931878
0.0590336,0.92619
0.0624979,0.920296
0.0660779,0.914197
0.0697739,0.907892
0.0735861,0.901384
0.0775145,0.894674
0.0815592,0.887762
0.08572,0.880651
0.0899969,0.873344
0.0943896,0.865843
0.0988978,0.858152
0.103521,0.850273
0.108259,0.84221
0.11311,0.833968
0.118075,0.82555
0.123152,0.816961
0.128341,0.808205
0.13364,0.799288
0.139049,0.790214
0.144566,0.780987
0.15019,0.771614
0.15592,0.762099
0.161754,0.752447
0.167692,0.742663
0.173731,0.732753
0.179871,0.722722
0.186109,0.712575
0.192444,0.702316
0.198875,0.691951
0.2054,0.681486
0.212017,0.670924
0.218726,0.66027
0.225523,0.64953
0.232408,0.638709
0.239379,0.62781
0.246434,0.616839
0.253571,0.6058
0.260789,0.594698
0.268087,0.583538
0.275462,0.572323
0.282913,0.561058
0.290438,0.549747
0.298035,0.538396
0.305703,0.527008
0.31344,0.515587
0.321243,0.504137
0.329112,0.492664
0.337044,0.48117
0.345037,0.46966
0.353089,0.458138
0.361199,0.446608
0.369363,0.435074
0.37758,0.42354
0.385847,0.41201
0.394161,0.400487
0.402482,0.389023
0.410723,0.377724
0.418942,0.366501
0.427126,0.35537
0.435365,0.344211
0.443585,0.333125
0.451886,0.321981
0.460151,0.310934
0.468489,0.29984
0.476842,0.288778
0.485191,0.277772
0.493603,0.266737
0.501984,0.255794
0.510387,0.244873
0.518831,0.233953
0.527228,0.223146
0.535638,0.212371
0.544071,0.201621
0.552464,0.190972
0.56083,0.180405
0.569204,0.169877
0.577556,0.159427
0.585829,0.149121
0.594093,0.138867
0.602323,0.128701
0.610492,0.118654
0.618584,0.108737
0.626625,0.0989165
0.634596,0.0892168
0.64247,0.0796733
0.649704,0.0709626
0.650797,0.0696593
0.652964,0.0671061
0.656239,0.0632977
0.660664,0.0582166
0.666262,0.0518613
0.673072,0.0442091
0.681125,0.0352323
0.690446,0.0249033
0.701078,0.0131642
0.713014,0.0
0.017298,1.00019
0.0187623,0.99787
0.0203365,0.995373
0.022021,0.992695
0.0238161,0.989834
0.0257224,0.986789
0.0277401,0.983557
0.0298698,0.980138
0.0321119,0.976528
0.0344669,0.972727
0.0369354,0.968732
0.0395178,0.964543
0.0422147,0.960158
0.0450266,0.955574
0.047954,0.950792
0.0509974,0.94581
0.0541574,0.940627
0.0574342,0.935243
0.0608285,0.929657
0.0643405,0.92387
0.0679706,0.917881
0.071719,0.91169
0.0755859,0.9053
0.0795716,0.898711
0.0836759,0.891924
0.0878989,0.884942
0.0922404,0.877767
0.0967002,0.870401
0.101278,0.862848
0.105973,0.855109
0.110786,0.84719
0.115714,0.839094
0.120759,0.830824
0.125918,0.822386
0.131191,0.813782
0.136577,0.805019
0.142074,0.7961
0.147682,0.78703
0.1534,0.777815
0.159225,0.768459
0.165158,0.758967
0.171195,0.749344
0.177336,0.739596
0.183579,0.729726
0.189923,0.719741
0.196366,0.709644
0.202907,0.699442
0.209543,0.689138
0.216273,0.678738
0.223096,0.668247
0.23001,0.657668
0.237014,0.647007
0.244104,0.636268
0.251281,0.625456
0.258542,0.614575
0.265886,0.603629
0.27331,0.592624
0.280814,0.581563
0.288395,0.57045
0.296052,0.559291
0.303783,0.548088
0.311586,0.536847
0.31946,0.525571
0.327403,0.514264
0.335413,0.502931
0.343488,0.491575
0.351625,0.480201
0.359824,0.468812
0.368082,0.457412
0.376396,0.446006
0.384765,0.434597
0.393187,0.423188
0.401657,0.411785
0.410128,0.400448
0.418502,0.389292
0.426858,0.378208
0.435177,0.367219
0.443559,0.356193
0.451918,0.345246
0.460368,0.33423
0.468774,0.323322
0.477263,0.312355
0.485768,0.301421
0.494268,0.290546
0.50284,0.279631
0.511376,0.268817
0.519937,0.25802
0.52855,0.247215
0.537106,0.236534
0.545681,0.225881
0.554288,0.215241
0.56285,0.204711
0.571384,0.194265
0.579938,0.183846
0.588475,0.173501
0.596915,0.163321
0.605362,0.153179
0.613786,0.143114
0.622144,0.133177
0.630416,0.123383
0.638654,0.113671
0.646833,0.104073
0.654911,0.0946335
0.662315,0.0860138
0.663487,0.0846534
0.665745,0.0820385
0.669104,0.0781584
0.673585,0.0730028
0.679227,0.0665565
0.686066,0.0588074
0.694135,0.0497396
0.70346,0.0393345
0.714086,0.0275405
0.72601,0.0143476
0.738992,0.0
0.0201341,1.00025
0.0217262,0.997799
0.0234301,0.995168
0.0252461,0.992356
0.0271748,0.989364
0.0292165,0.986189
0.0313718,0.98283
0.0336413,0.979284
0.0360254,0.975551
0.0385248,0.971628
0.04114,0.967515
0.0438717,0.963209
0.0467203,0.958709
0.0496864,0.954015
0.0527707,0.949124
0.0559737,0.944037
0.0592958,0.938753
0.0627376,0.933271
0.0662995,0.927592
0.0699819,0.921714
0.073785,0.91564
0.0777091,0.909369
0.0817543,0.902903
0.0859208,0.896244
0.0902085,0.889392
0.0946173,0.88235
0.099147,0.875122
0.103797,0.867708
0.108568,0.860113
0.113457,0.852339
0.118466,0.844391
0.123593,0.836272
0.128837,0.827986
0.134198,0.819537
0.139674,0.81093
0.145264,0.802169
0.150967,0.793259
0.156781,0.784205
0.162706,0.775011
0.16874,0.765682
0.174881,0.756223
0.181128,0.746639
0.187479,0.736935
0.193933,0.727115
0.200487,0.717185
0.207142,0.707149
0.213894,0.697011
0.220742,0.686777
0.227684,0.676451
0.23472,0.666038
0.241846,0.655542
0.249062,0.644967
0.256365,0.634319
0.263755,0.6236
0.271229,0.612817
0.278786,0.601972
0.286423,0.59107
0.29414,0.580115
0.301935,0.569112
0.309806,0.558064
0.317751,0.546975
0.325768,0.53585
0.333856,0.524692
0.342013,0.513505
0.350237,0.502294
0.358525,0.491061
0.366877,0.479811
0.37529,0.468548
0.383761,0.457276
0.392289,0.445997
0.400872,0.434717
0.409505,0.423439
0.418132,0.412236
0.426647,0.401229
0.435147,0.390288
0.443607,0.379445
0.452138,0.368558
0.460642,0.357755
0.469248,0.346872
0.477802,0.336105
0.486449,0.325271
0.495113,0.31447
0.503769,0.30373
0.512509,0.292939
0.521205,0.282258
0.529932,0.27159
0.53872,0.260903
0.547441,0.250352
0.556187,0.239822
0.564976,0.229296
0.573712,0.218888
0.58242,0.208564
0.591159,0.198256
0.599886,0.188018
0.608498,0.177964
0.617134,0.167932
0.625754,0.15797
0.634303,0.14814
0.642759,0.138465
0.651195,0.128858
0.659579,0.119357
0.667861,0.110021
0.675443,0.101509
0.676691,0.100112
0.679053,0.0974758
0.682538,0.0935955
0.687141,0.0884839
0.69292,0.0820807
0.699899,0.0743676
0.708095,0.0653315
0.717528,0.0549564
0.728241,0.0431967
0.740241,0.0300514
0.753307,0.0157793
0.767837,0.0
0.0232032,1.00034
0.0249274,0.997752
0.0267653,0.994992
0.0287175,0.992054
0.0307844,0.988936
0.0329666,0.985639
0.0352647,0.982158
0.0376793,0.978494
0.0402111,0.974645
0.0428605,0.970608
0.0456284,0.966383
0.0485153,0.961968
0.0515219,0.957363
0.0546488,0.952566
0.0578966,0.947576
0.0612659,0.942393
0.0647572,0.937016
0.0683709,0.931446
0.0721076,0.925681
0.0759675,0.919724
0.0799509,0.913574
0.0840581,0.907233
0.088289,0.900702
0.0926438,0.893982
0.0971224,0.887075
0.101724,0.879985
0.10645,0.872713
0.111298,0.865262
0.116268,0.857635
0.12136,0.849836
0.126572,0.841869
0.131904,0.833738
0.137356,0.825445
0.142925,0.816997
0.14861,0.808396
0.154411,0.799648
0.160326,0.790756
0.166353,0.781727
0.172492,0.772564
0.17874,0.763271
0.185097,0.753855
0.191559,0.744318
0.198127,0.734667
0.204797,0.724906
0.21157,0.715039
0.218441,0.705071
0.225411,0.695007
0.232478,0.68485
0.239639,0.674606
0.246893,0.664279
0.254238,0.653873
0.261673,0.643392
0.269196,0.63284
0.276805,0.622223
0.284499,0.611543
0.292276,0.600805
0.300134,0.590012
0.308072,0.57917
0.316087,0.568281
0.324179,0.557351
0.332345,0.546381
0.340584,0.535377
0.348893,0.524342
0.357272,0.51328
0.365718,0.502195
0.374229,0.49109
0.382803,0.479969
0.391437,0.468837
0.400131,0.457695
0.40888,0.44655
0.417684,0.435403
0.426472,0.424339
0.435134,0.413485
0.443785,0.402692
0.452392,0.392
0.461079,0.381257
0.469734,0.370601
0.478502,0.359856
0.48721,0.349235
0.496022,0.338538
0.504851,0.327873
0.51367,0.317272
0.522584,0.306611
0.531447,0.296065
0.540345,0.285529
0.549314,0.274965
0.558207,0.264545
0.56713,0.254142
0.576106,0.243733
0.585023,0.233448
0.59391,0.223249
0.60284,0.213054
0.611762,0.202925
0.620551,0.192997
0.629379,0.183076
0.6382,0.173217
0.646946,0.163494
0.655587,0.153935
0.664224,0.144431
0.672816,0.135025
0.681301,0.125787
0.689062,0.117377
0.690384,0.115949
0.692847,0.113295
0.696456,0.109417
0.701179,0.104355
0.707107,0.0980182
0.714264,0.0903939
0.722663,0.081479
0.732323,0.0712664
0.743294,0.0597197
0.755595,0.0468473
0.769033,0.0329033
0.784167,0.0174351
0.801682,0.0
0.0265106,1.00044
0.0283714,0.997731
0.0303481,0.994848
0.0324413,0.991789
0.0346515,0.988554
0.0369795,0.98514
0.0394258,0.981546
0.0419912,0.977771
0.0446764,0.973812
0.047482,0.969669
0.0504087,0.96534
0.0534573,0.960825
0.0566284,0.956122
0.0599227,0.95123
0.0633409,0.946149
0.0668834,0.940879
0.0705509,0.935418
0.0743438,0.929768
0.0782625,0.923929
0.0823073,0.917901
0.0864784,0.911685
0.090776,0.905283
0.0952001,0.898695
0.0997507,0.891925
0.104427,0.884973
0.10923,0.877844
0.114158,0.870538
0.119211,0.86306
0.124388,0.855412
0.129689,0.847598
0.135112,0.839622
0.140657,0.831487
0.146322,0.823198
0.152106,0.814759
0.158008,0.806174
0.164026,0.797447
0.170159,0.788584
0.176406,0.779588
0.182765,0.770464
0.189234,0.761217
0.195812,0.751852
0.202497,0.742372
0.209287,0.732782
0.21618,0.723087
0.223176,0.713291
0.230272,0.703399
0.237466,0.693415
0.244757,0.683343
0.252142,0.673188
0.259622,0.662954
0.267192,0.652644
0.274853,0.642263
0.282602,0.631815
0.290438,0.621304
0.298358,0.610734
0.306362,0.600109
0.314448,0.589432
0.322613,0.578707
0.330857,0.567939
0.339177,0.55713
0.347572,0.546285
0.35604,0.535406
0.364579,0.524499
0.373187,0.513566
0.381863,0.502612
0.390604,0.491639
0.399407,0.480652
0.408272,0.469653
0.417195,0.458647
0.426175,0.447638
0.435131,0.436718
0.443947,0.426022
0.452753,0.415382
0.461514,0.404844
0.470362,0.394248
0.479174,0.383744
0.488111,0.373141
0.496978,0.36267
0.505961,0.352113
0.514961,0.341589
0.52395,0.33113
0.533044,0.320602
0.542079,0.310196
0.551155,0.299795
0.560312,0.289357
0.569382,0.279072
0.578488,0.268799
0.587657,0.25851
0.59676,0.248351
0.605832,0.238278
0.614959,0.228199
0.624082,0.21818
0.633053,0.20838
0.642078,0.198571
0.651105,0.188815
0.660051,0.179199
0.668883,0.169756
0.677724,0.160353
0.686527,0.151042
0.695217,0.1419
0.703159,0.133587
0.704554,0.132132
0.707117,0.129463
0.710848,0.12559
0.715691,0.120576
0.721769,0.114303
0.729103,0.106762
0.7377,0.0979579
0.747581,0.0878883
0.758798,0.0765197
0.77138,0.0638567
0.785152,0.0501226
0.800782,0.0347429
0.819132,0.0169701
0.836823,0.0
0.0300619,1.00057
0.0320641,0.997738
0.0341846,0.99474
0.036424,0.991568
0.038783,0.988221
0.0412623,0.984698
0.0438626,0.980997
0.0465847,0.977117
0.0494294,0.973057
0.0523974,0.968815
0.0554895,0.96439
0.0587064,0.959782
0.0620489,0.954989
0.0655175,0.950011
0.069113,0.944847
0.072836,0.939497
0.0766869,0.933962
0.0806662,0.928241
0.0847743,0.922335
0.0890114,0.916246
0.0933777,0.909973
0.0978732,0.903519
0.102498,0.896885
0.107252,0.890073
0.112134,0.883086
0.117144,0.875927
0.122283,0.868597
0.127548,0.861101
0.132939,0.853441
0.138455,0.845621
0.144096,0.837645
0.14986,0.829517
0.155745,0.82124
0.161751,0.81282
0.167875,0.80426
0.174118,0.795564
0.180476,0.786737
0.186948,0.777783
0.193533,0.768708
0.20023,0.759514
0.207035,0.750207
0.213948,0.740791
0.220967,0.73127
0.228089,0.721649
0.235314,0.711932
0.24264,0.702123
0.250065,0.692227
0.257586,0.682246
0.265203,0.672187
0.272914,0.662051
0.280717,0.651845
0.28861,0.64157
0.296592,0.631232
0.30466,0.620833
0.312815,0.610378
0.321053,0.599871
0.329373,0.589314
0.337773,0.578712
0.346253,0.568068
0.354809,0.557386
0.36344,0.54667
0.372145,0.535922
0.380921,0.525146
0.389766,0.514347
0.39868,0.503527
0.407658,0.49269
0.4167,0.48184
0.425803,0.47098
0.434964,0.460113
0.444095,0.449342
0.453069,0.438807
0.462038,0.428324
0.470957,0.417944
0.479973,0.4075
0.488948,0.397151
0.498058,0.386695
0.507092,0.376377
0.516251,0.365965
0.525428,0.355585
0.534591,0.345272
0.543872,0.334881
0.553086,0.324617
0.562345,0.314355
0.571696,0.304047
0.580949,0.2939
0.590244,0.283759
0.599612,0.273594
0.608906,0.263563
0.61817,0.253619
0.627499,0.243658
0.636828,0.233753
0.645987,0.224079
0.655215,0.214384
0.664453,0.204734
0.673604,0.195227
0.682631,0.185898
0.691681,0.176597
0.700699,0.16738
0.709599,0.158333
0.717725,0.150116
0.719193,0.148637
0.721856,0.145958
0.72571,0.142092
0.730675,0.137126
0.736903,0.130915
0.744414,0.123454
0.753213,0.114753
0.763315,0.104815
0.77478,0.0936039
0.787643,0.0811171
0.801756,0.0675448
0.817898,0.0522105
0.837094,0.034246
0.855228,0.0175153
0.874512,0.0
0.0338631,1.00072
0.0360119,0.997779
0.0382815,0.994671
0.0406726,0.991392
0.043186,0.98794
0.0458225,0.984315
0.0485829,0.980514
0.051468,0.976537
0.0544787,0.972383
0.0576157,0.968049
0.0608798,0.963536
0.0642719,0.958842
0.0677927,0.953967
0.0714428,0.948911
0.075223,0.943672
0.0791336,0.938252
0.0831754,0.93265
0.0873486,0.926867
0.0916535,0.920904
0.0960904,0.914761
0.100659,0.90844
0.10536,0.901943
0.110193,0.895272
0.115157,0.888428
0.120252,0.881415
0.125478,0.874234
0.130833,0.86689
0.136317,0.859385
0.141929,0.851722
0.147669,0.843905
0.153533,0.835939
0.159523,0.827826
0.165635,0.819571
0.171869,0.811178
0.178223,0.802651
0.184695,0.793994
0.191284,0.785212
0.197988,0.776309
0.204806,0.767289
0.211735,0.758157
0.218774,0.748917
0.225921,0.739572
0.233175,0.730128
0.240533,0.720588
0.247994,0.710957
0.255555,0.701238
0.263217,0.691435
0.270975,0.681553
0.27883,0.671595
0.286779,0.661565
0.29482,0.651467
0.302952,0.641304
0.311174,0.631081
0.319483,0.6208
0.327878,0.610465
0.336357,0.60008
0.344919,0.589649
0.353562,0.579174
0.362284,0.56866
0.371084,0.558109
0.379959,0.547525
0.388908,0.536912
0.39793,0.526273
0.407021,0.515611
0.416179,0.504929
0.425404,0.494232
0.434692,0.483523
0.444041,0.472804
0.453351,0.462187
0.462489,0.451818
0.471626,0.441495
0.48071,0.431277
0.489899,0.420988
0.499042,0.410797
0.508333,0.400491
0.517537,0.39033
0.526879,0.380067
0.536239,0.369835
0.545583,0.359672
0.555056,0.349421
0.564454,0.339304
0.573903,0.329183
0.583453,0.319008
0.592895,0.309002
0.602385,0.298997
0.611958,0.288959
0.621451,0.27906
0.63091,0.269246
0.640448,0.259406
0.649989,0.249617
0.659341,0.240073
0.668778,0.230494
0.678232,0.220951
0.687594,0.211554
0.696822,0.202341
0.706086,0.193142
0.715324,0.18402
0.724439,0.175069
0.732754,0.166947
0.734295,0.165447
0.737058,0.162761
0.741035,0.158906
0.746124,0.153987
0.752506,0.147838
0.760199,0.140455
0.769202,0.131855
0.779531,0.12204
0.79125,0.110975
0.804404,0.0986458
0.818868,0.0852123
0.835531,0.0699132
0.855525,0.0518059
0.874084,0.0352089
0.894081,0.0175099
0.914013,0.0
0.0379208,1.0009
0.0402216,0.997856
0.0426459,0.994645
0.0451946,0.991266
0.0478684,0.987716
0.0506683,0.983995
0.0535951,0.980102
0.0566498,0.976035
0.0598331,0.971793
0.0631459,0.967376
0.0665891,0.962782
0.0701635,0.95801
0.0738698,0.953061
0.0777087,0.947934
0.0816809,0.942629
0.0857867,0.937146
0.0900268,0.931486
0.0944014,0.925649
0.0989107,0.919637
0.103555,0.91345
0.108334,0.90709
0.113247,0.900559
0.118295,0.893859
0.123477,0.886992
0.128793,0.879961
0.13424,0.872769
0.13982,0.865419
0.14553,0.857914
0.15137,0.850257
0.157339,0.842453
0.163435,0.834504
0.169656,0.826415
0.176002,0.81819
0.18247,0.809833
0.189059,0.801348
0.195768,0.792739
0.202594,0.78401
0.209536,0.775165
0.216592,0.766209
0.223761,0.757146
0.23104,0.747979
0.238427,0.738714
0.245921,0.729353
0.253521,0.719901
0.261224,0.710362
0.269028,0.70074
0.276932,0.691038
0.284934,0.68126
0.293033,0.67141
0.301227,0.661491
0.309513,0.651507
0.317892,0.641462
0.32636,0.631358
0.334916,0.6212
0.343559,0.610991
0.352287,0.600734
0.361099,0.590432
0.369992,0.580089
0.378965,0.569708
0.388016,0.559293
0.397143,0.548846
0.406345,0.538371
0.415619,0.527872
0.424963,0.517351
0.434376,0.506812
0.443854,0.496258
0.453396,0.485693
0.462893,0.475235
0.4722,0.465034
0.48151,0.454875
0.490764,0.444823
0.500131,0.434693
0.509449,0.424664
0.518925,0.414513
0.528307,0.404512
0.537837,0.394401
0.547385,0.384321
0.556916,0.37431
0.566587,0.364204
0.576175,0.354236
0.58582,0.34426
0.595576,0.334224
0.605212,0.324362
0.614903,0.314495
0.624688,0.304588
0.634384,0.294823
0.644046,0.285143
0.653798,0.275427
0.663557,0.265758
0.673109,0.256345
0.682761,0.246883
0.692437,0.237451
0.702016,0.228166
0.711451,0.219069
0.720934,0.209975
0.730398,0.20095
0.739734,0.192097
0.748243,0.184069
0.749856,0.182552
0.752721,0.179863
0.756823,0.176021
0.762039,0.17115
0.768578,0.165064
0.776457,0.157759
0.78567,0.149257
0.796234,0.139562
0.808214,0.128635
0.821669,0.116453
0.836498,0.103148
0.853692,0.0878841
0.874474,0.0696683
0.893505,0.0531821
0.914252,0.0353942
0.934705,0.0180446
0.956231,0.0
0.0422418,1.00112
0.0447004,0.997974
0.0472855,0.994667
0.0499978,0.991194
0.0528384,0.987553
0.0558082,0.983744
0.058908,0.979765
0.062139,0.975615
0.0655019,0.971293
0.0689977,0.966799
0.0726272,0.962131
0.0763912,0.95729
0.0802905,0.952275
0.0843257,0.947085
0.0884974,0.941722
0.0928061,0.936184
0.0972521,0.930474
0.101836,0.924592
0.106557,0.918539
0.111416,0.912316
0.116413,0.905926
0.121546,0.899369
0.126817,0.89265
0.132224,0.885769
0.137767,0.878729
0.143444,0.871534
0.149254,0.864187
0.155198,0.856691
0.161272,0.849049
0.167477,0.841265
0.17381,0.833344
0.18027,0.825288
0.186856,0.817101
0.193565,0.808788
0.200396,0.800353
0.207347,0.791799
0.214416,0.783131
0.221602,0.774353
0.228903,0.765469
0.236317,0.756482
0.243842,0.747397
0.251476,0.738217
0.259217,0.728947
0.267065,0.71959
0.275016,0.71015
0.283069,0.70063
0.291223,0.691035
0.299475,0.681367
0.307825,0.671631
0.31627,0.661829
0.32481,0.651965
0.333441,0.642042
0.342163,0.632064
0.350974,0.622033
0.359873,0.611954
0.368857,0.601829
0.377926,0.591662
0.387077,0.581455
0.396308,0.571212
0.405619,0.560936
0.415006,0.55063
0.424468,0.540298
0.434004,0.529942
0.44361,0.519566
0.453285,0.509173
0.463026,0.498767
0.472713,0.488472
0.482196,0.478443
0.491684,0.468452
0.501114,0.458568
0.510665,0.448602
0.520162,0.438739
0.52983,0.428746
0.539394,0.418908
0.549118,0.408953
0.558862,0.399029
0.568585,0.389175
0.57846,0.379218
0.588244,0.369402
0.59809,0.359576
0.608058,0.34968
0.617895,0.339965
0.627793,0.330241
0.637795,0.320468
0.647701,0.310841
0.657573,0.301298
0.667545,0.29171
0.677528,0.282164
0.687286,0.272884
0.697159,0.263544
0.707063,0.254226
0.716865,0.245055
0.726513,0.236076
0.736223,0.227089
0.745918,0.218165
0.755481,0.20941
0.764191,0.201478
0.765876,0.199948
0.768844,0.197257
0.773074,0.193432
0.778421,0.188611
0.785122,0.182588
0.793192,0.175362
0.802622,0.166958
0.813428,0.157381
0.82568,0.146589
0.839448,0.13455
0.854654,0.121367
0.872393,0.106145
0.893965,0.0878494
0.913496,0.0714676
0.934979,0.0536258
0.95595,0.0363771
0.978214,0.018221
1.00071,0.0
0.0468337,1.00137
0.0494561,0.998138
0.0522081,0.994741
0.0550906,0.991181
0.0581046,0.987456
0.061251,0.983566
0.0645309,0.979508
0.0679453,0.975282
0.0714951,0.970888
0.0751812,0.966324
0.0790044,0.961591
0.0829656,0.956687
0.0870655,0.951613
0.0913046,0.946369
0.0956836,0.940955
0.100203,0.935371
0.104862,0.92962
0.109663,0.9237
0.114604,0.917615
0.119685,0.911365
0.124907,0.904953
0.130268,0.89838
0.135769,0.891649
0.141409,0.884763
0.147185,0.877724
0.153099,0.870535
0.159148,0.8632
0.165331,0.855721
0.171647,0.848103
0.178094,0.840349
0.184671,0.832463
0.191377,0.824448
0.198208,0.816309
0.205164,0.808048
0.212243,0.799671
0.219443,0.791181
0.226762,0.782582
0.234199,0.773878
0.24175,0.765073
0.249416,0.75617
0.257193,0.747173
0.26508,0.738087
0.273075,0.728914
0.281177,0.719658
0.289383,0.710324
0.297692,0.700913
0.306102,0.691431
0.314612,0.681879
0.32322,0.672262
0.331924,0.662582
0.340723,0.652843
0.349615,0.643048
0.358599,0.6332
0.367672,0.623302
0.376834,0.613358
0.386083,0.60337
0.395417,0.593341
0.404834,0.583275
0.414332,0.573174
0.42391,0.563042
0.433566,0.552881
0.443298,0.542695
0.453103,0.532487
0.46298,0.52226
0.472925,0.512017
0.48281,0.50189
0.492472,0.492037
0.502145,0.482218
0.511756,0.472506
0.521497,0.462707
0.531179,0.453013
0.541045,0.443182
0.550797,0.433511
0.560721,0.423717
0.570665,0.413952
0.580586,0.404258
0.590671,0.394454
0.600658,0.384795
0.610712,0.375121
0.620897,0.365371
0.630942,0.355807
0.641054,0.346229
0.651279,0.336595
0.661402,0.327109
0.671488,0.317706
0.681687,0.308249
0.691901,0.298831
0.701872,0.289686
0.711973,0.280471
0.722112,0.27127
0.732144,0.262217
0.742012,0.25336
0.751954,0.244483
0.761889,0.235661
0.771685,0.227009
0.780601,0.219174
0.782361,0.217633
0.785433,0.214946
0.789794,0.21114
0.795274,0.20637
0.802142,0.200412
0.81041,0.193267
0.820064,0.184962
0.83112,0.175503
0.843655,0.164845
0.857749,0.152945
0.873348,0.139885
0.891645,0.124713
0.914018,0.106364
0.934074,0.0900877
0.956301,0.0722175
0.977837,0.055061
1.00088,0.03686
1.02401,0.0187489
1.04818,0.0
0.0517041,1.00167
0.0544969,0.998353
0.0574224,0.994874
0.0604818,0.991233
0.0636761,0.987431
0.0670063,0.983466
0.0704735,0.979336
0.0740787,0.975042
0.0778228,0.970583
0.0817068,0.965957
0.0857315,0.961165
0.0898976,0.956207
0.0942058,0.951082
0.0986568,0.945792
0.103251,0.940335
0.107988,0.934714
0.11287,0.928929
0.117894,0.922981
0.123063,0.916872
0.128374,0.910604
0.133829,0.904179
0.139426,0.897598
0.145164,0.890865
0.151043,0.883982
0.157061,0.876952
0.163218,0.869778
0.169512,0.862464
0.175942,0.855012
0.182506,0.847427
0.189203,0.839711
0.19603,0.831869
0.202987,0.823904
0.210071,0.81582
0.217281,0.80762
0.224614,0.79931
0.232069,0.790891
0.239644,0.782369
0.247338,0.773747
0.255147,0.765028
0.26307,0.756216
0.271106,0.747316
0.279253,0.738329
0.287508,0.72926
0.295871,0.720113
0.304339,0.71089
0.312911,0.701595
0.321585,0.692231
0.330359,0.682801
0.339233,0.673309
0.348203,0.663757
0.35727,0.654149
0.36643,0.644487
0.375684,0.634774
0.385028,0.625014
0.394461,0.615209
0.403983,0.605362
0.41359,0.595477
0.423282,0.585556
0.433056,0.575601
0.442911,0.565617
0.452844,0.555606
0.462854,0.54557
0.472938,0.535514
0.483094,0.52544
0.493181,0.515486
0.50303,0.505812
0.512892,0.496169
0.522689,0.486632
0.532626,0.477004
0.542499,0.467483
0.552568,0.457819
0.562514,0.448318
0.572644,0.438688
0.582794,0.429087
0.59292,0.419557
0.603222,0.40991
0.613418,0.400411
0.623685,0.390894
0.634095,0.381295
0.644353,0.371885
0.654685,0.362457
0.665141,0.352966
0.675486,0.343625
0.685795,0.334366
0.696228,0.325045
0.70668,0.315758
0.71687,0.306752
0.727205,0.297665
0.737587,0.288587

0.747856,0.279655
0.757951,0.270922
0.768133,0.262158
0.778314,0.253444
0.788351,0.244897
0.797481,0.237163
0.799315,0.235613
0.802494,0.232932
0.806988,0.229149
0.812607,0.224432
0.819647,0.218542
0.828119,0.21148
0.838005,0.203277
0.849322,0.193937
0.86215,0.183413
0.876584,0.171655
0.89259,0.158719
0.911462,0.143608
0.934651,0.12523
0.955255,0.109063
0.978242,0.0911868
1.00038,0.0741241
1.0242,0.0559069
1.04798,0.0378734
1.07296,0.0190577
1.09842,0.0
0.0568615,1.00202
0.0598313,0.998625
0.0629373,0.995069
0.0661807,0.991356
0.0695625,0.987483
0.0730839,0.98345
0.0767459,0.979257
0.0805496,0.974902
0.0844958,0.970384
0.0885855,0.965704
0.0928195,0.960862
0.0971985,0.955857
0.101723,0.95069
0.106394,0.94536
0.111211,0.93987
0.116175,0.934219
0.121286,0.928409
0.126543,0.922442
0.131946,0.916318
0.137496,0.91004
0.143191,0.90361
0.14903,0.897031
0.155013,0.890305
0.161139,0.883435
0.167406,0.876423
0.173814,0.869273
0.18036,0.861988
0.187043,0.854572
0.193862,0.847028
0.200815,0.83936
0.2079,0.83157
0.215115,0.823664
0.222458,0.815643
0.229928,0.807513
0.237522,0.799277
0.245239,0.790939
0.253076,0.782501
0.261033,0.773968
0.269106,0.765344
0.277295,0.756631
0.285596,0.747833
0.294009,0.738954
0.302532,0.729996
0.311163,0.720963
0.319901,0.711859
0.328743,0.702685
0.337688,0.693446
0.346735,0.684144
0.355881,0.674783
0.365126,0.665364
0.374469,0.655892
0.383906,0.646368
0.393437,0.636796
0.403061,0.627178
0.412775,0.617518
0.422578,0.607817
0.432468,0.59808
0.442443,0.588308
0.452502,0.578505
0.462643,0.568673
0.472862,0.558815
0.483159,0.548935
0.493531,0.539035
0.503827,0.529258
0.513868,0.519768
0.523926,0.510303
0.533915,0.500947
0.544054,0.491494
0.554123,0.482149
0.564401,0.472656
0.574548,0.463329
0.584889,0.453868
0.595253,0.444435
0.605589,0.435073
0.616114,0.425588
0.626525,0.416254
0.637012,0.406897
0.647653,0.397454
0.658132,0.388202
0.668691,0.378928
0.679384,0.369585
0.68996,0.360393
0.700497,0.351283
0.711172,0.342102
0.721869,0.332951
0.732285,0.324088
0.742862,0.315134
0.753494,0.306181
0.764008,0.297376
0.774337,0.28877
0.784767,0.280124
0.795202,0.271521
0.805488,0.263084
0.814838,0.255453
0.816748,0.253898
0.820036,0.251226
0.824668,0.24747
0.83043,0.242809
0.837647,0.236989
0.84633,0.230013
0.856457,0.221914
0.868044,0.212695
0.881178,0.202308
0.895965,0.190693
0.912396,0.177887
0.93186,0.162848
0.955885,0.144467
0.977061,0.128416
1.00083,0.110555
1.02359,0.0935918
1.04822,0.0753809
1.07269,0.0574258
1.09854,0.0385931
1.12477,0.0196142
1.15207,0.0
0.0623147,1.00243
0.0654686,0.99896
0.0687623,0.995336
0.0721971,0.991556
0.0757741,0.98762
0.0794943,0.983527
0.0833589,0.979276
0.0873689,0.974868
0.0915253,0.9703
0.0958288,0.965574
0.10028,0.960689
0.10488,0.955645
0.10963,0.950443
0.114528,0.945084
0.119577,0.939568
0.124775,0.933896
0.130123,0.92807
0.13562,0.922091
0.141267,0.915962
0.147062,0.909683
0.153005,0.903258
0.159095,0.89669
0.16533,0.889979
0.17171,0.883131
0.178233,0.876146
0.184899,0.86903
0.191704,0.861784
0.198648,0.854413
0.205728,0.846919
0.212944,0.839306
0.220293,0.831579
0.227773,0.823739
0.235382,0.815792
0.243119,0.807739
0.250981,0.799586
0.258966,0.791335
0.267073,0.782991
0.2753,0.774555
0.283644,0.766032
0.292105,0.757425
0.300679,0.748738
0.309366,0.739973
0.318164,0.731133
0.327071,0.722221
0.336085,0.713242
0.345205,0.704196
0.35443,0.695088
0.363757,0.68592
0.373185,0.676695
0.382714,0.667416
0.39234,0.658084
0.402063,0.648704
0.411881,0.639278
0.421793,0.629808
0.431797,0.620297
0.441891,0.610748
0.452073,0.601163
0.462341,0.591546
0.472695,0.581898
0.48313,0.572224
0.493647,0.562525
0.504241,0.552804
0.514751,0.543209
0.524989,0.533906
0.535249,0.524626
0.545436,0.515453
0.555782,0.506179
0.566055,0.497014
0.576548,0.487697
0.586901,0.478549
0.597461,0.469261
0.608044,0.460001
0.618597,0.450811
0.629351,0.441493
0.639984,0.432327
0.650699,0.423137
0.661579,0.413853
0.672284,0.404765
0.683077,0.395649
0.694015,0.386459
0.704828,0.377422
0.715602,0.368463
0.726525,0.359428
0.737475,0.350419
0.748126,0.341702
0.758953,0.332885
0.769843,0.324064
0.780609,0.31539
0.79118,0.306915
0.801867,0.298392
0.812563,0.289905
0.823107,0.281583
0.832685,0.274058
0.834673,0.272501
0.838073,0.269842
0.842845,0.266116
0.848756,0.261512
0.856157,0.255766
0.865059,0.24888
0.875436,0.240888
0.887303,0.231795
0.900755,0.221548
0.91591,0.210081
0.932782,0.197409
0.952859,0.182457
0.977741,0.164095
0.999515,0.14817
1.02409,0.130345
1.04751,0.113491
1.07297,0.0953073
1.09817,0.0774385
1.12489,0.0586141
1.15192,0.0396995
1.18017,0.0200476
1.20912,0.0
0.0680728,1.0029
0.0714182,0.999366
0.0749073,0.99568
0.0785413,0.991841
0.0823212,0.987849
0.0862483,0.983703
0.0903237,0.979403
0.0945482,0.974948
0.0989229,0.970339
0.103449,0.965574
0.108126,0.960654
0.112955,0.95558
0.117937,0.950353
0.123072,0.944972
0.12836,0.939438
0.133801,0.933755
0.139395,0.927921
0.145141,0.921941
0.151038,0.915814
0.157087,0.909545
0.163285,0.903134
0.169633,0.896585
0.176128,0.8899
0.18277,0.883082
0.189557,0.876135
0.196487,0.869061
0.203558,0.861863
0.21077,0.854546
0.218119,0.847112
0.225605,0.839565
0.233225,0.831907
0.240976,0.824144
0.248859,0.816278
0.256869,0.808312
0.265006,0.80025
0.273267,0.792095
0.281651,0.783851
0.290155,0.775521
0.298778,0.767108
0.307518,0.758614
0.316373,0.750044
0.325341,0.741401
0.334422,0.732686
0.343613,0.723903
0.352912,0.715054
0.362319,0.706143
0.371831,0.697173
0.381448,0.688145
0.391167,0.679062
0.400987,0.669928
0.410907,0.660744
0.420925,0.651513
0.43104,0.642238
0.44125,0.632921
0.451553,0.623565
0.461947,0.614172
0.472431,0.604746
0.483003,0.595288
0.493661,0.585801
0.504402,0.576289
0.515225,0.566753
0.525956,0.557346
0.536398,0.548234
0.546865,0.539142
0.557257,0.530156
0.567816,0.521067
0.578298,0.512087
0.589013,0.502951
0.599579,0.493985
0.610364,0.484876
0.621173,0.475792
0.631951,0.466779
0.642941,0.457634
0.653803,0.448641
0.664752,0.439621
0.675878,0.430503
0.686818,0.421583
0.697852,0.412631
0.709042,0.4036
0.720101,0.394721
0.731119,0.38592
0.742299,0.377036
0.75351,0.368173
0.764402,0.359607
0.775488,0.350934
0.786644,0.34225
0.797671,0.333711
0.808494,0.325372
0.819445,0.316977
0.830413,0.308612
0.841222,0.30041
0.851038,0.292996
0.853105,0.291439
0.856619,0.288795
0.861537,0.285103
0.867601,0.280561
0.875192,0.274892
0.884321,0.2681
0.894957,0.26022
0.907117,0.251257
0.920901,0.241155
0.936439,0.22984
0.953769,0.217312
0.97448,0.20246
1.00025,0.184142
1.02264,0.168354
1.04805,0.150585
1.07216,0.133851
1.09848,0.115716
1.12444,0.0979443
1.15208,0.0791504
1.17996,0.060308
1.2092,0.0406586
1.2391,0.0206711
1.27018,0.0
0.0741456,1.00344
0.0776903,0.99985
0.0813827,0.996109
0.0852239,0.992219
0.089215,0.988178
0.0933573,0.983988
0.0976517,0.979646
0.102099,0.975153
0.106701,0.97051
0.111457,0.965715
0.116369,0.960769
0.121436,0.955673
0.12666,0.950428
0.132039,0.945034
0.137575,0.939493
0.143267,0.933806
0.149115,0.927975
0.155117,0.922002
0.161274,0.915888
0.167584,0.909637
0.174046,0.90325
0.180659,0.89673
0.187422,0.89008
0.194333,0.883303
0.20139,0.876402
0.208593,0.869381
0.215938,0.862241
0.223424,0.854987
0.23105,0.847622
0.238812,0.840149
0.24671,0.832572
0.254742,0.824893
0.262904,0.817117
0.271196,0.809247
0.279614,0.801285
0.288159,0.793235
0.296826,0.7851
0.305616,0.776883
0.314525,0.768587
0.323552,0.760215
0.332696,0.75177
0.341955,0.743255
0.351327,0.734672
0.36081,0.726024
0.370404,0.717314
0.380106,0.708545
0.389915,0.699718
0.39983,0.690836
0.409849,0.681903
0.419972,0.672919
0.430195,0.663889
0.440518,0.654813
0.450939,0.645695
0.461457,0.636537
0.47207,0.627342
0.482776,0.618111
0.493573,0.608848
0.504459,0.599555
0.515432,0.590235
0.526489,0.58089
0.537448,0.571676
0.548099,0.562761
0.55878,0.553861
0.569382,0.545067
0.580163,0.536167
0.59086,0.527377
0.601804,0.518426
0.612589,0.509647
0.623607,0.500722
0.634648,0.491821
0.645657,0.48299
0.656892,0.474022
0.66799,0.465209
0.679181,0.456364
0.69056,0.447418
0.701743,0.43867
0.713026,0.429888
0.724477,0.421021
0.735789,0.412306
0.747059,0.403668
0.758505,0.394941
0.769985,0.386231
0.781128,0.377821
0.79248,0.369296
0.803912,0.360755
0.81521,0.352358
0.826292,0.344161
0.837518,0.3359
0.848766,0.327663
0.859851,0.319585
0.869912,0.312288
0.872061,0.310733
0.875693,0.308109
0.88076,0.304454
0.886983,0.299977
0.894772,0.294389
0.904137,0.287696
0.915042,0.279933
0.927506,0.271105
0.941635,0.261153
0.957574,0.249998
0.975382,0.237621
0.996749,0.222885
1.02343,0.204636
1.04648,0.188997
1.07275,0.171306
1.09758,0.154707
1.12479,0.13664
1.15156,0.11898
1.18015,0.100238
1.20892,0.0814806
1.23919,0.0618588
1.27007,0.0419295
1.30227,0.0212408
1.33543,0.0
0.0805432,1.00406
0.0842955,1.00042
0.0881994,0.996633
0.0922562,0.992699
0.0964671,0.988618
0.100833,0.98439
0.105355,0.980015
0.110035,0.975493
0.114872,0.970823
0.119868,0.966007
0.125022,0.961044
0.130336,0.955935
0.13581,0.950682
0.141443,0.945285
0.147236,0.939745
0.153187,0.934065
0.159296,0.928245
0.165564,0.922289
0.171988,0.916198
0.178567,0.909975
0.185301,0.903621
0.192188,0.897141
0.199226,0.890536
0.206414,0.88381
0.21375,0.876965
0.221232,0.870005
0.228858,0.862934
0.236627,0.855753
0.244536,0.848466
0.252583,0.841078
0.260767,0.83359
0.269085,0.826006
0.277535,0.818329
0.286116,0.810562
0.294825,0.802709
0.30366,0.794772
0.31262,0.786755
0.321703,0.778659
0.330907,0.770489
0.34023,0.762247
0.349671,0.753935
0.359229,0.745556
0.368901,0.737112
0.378686,0.728607
0.388583,0.720043
0.39859,0.711421
0.408706,0.702745
0.41893,0.694017
0.42926,0.685239
0.439694,0.676413
0.450231,0.667542
0.46087,0.658628
0.471609,0.649673
0.482446,0.64068
0.49338,0.631652
0.504408,0.622589
0.515529,0.613496
0.52674,0.604374
0.53804,0.595227
0.549232,0.58621
0.5601,0.577496
0.571002,0.568795
0.581821,0.560198
0.592829,0.551492
0.603748,0.542896
0.614928,0.534137
0.62594,0.52555
0.637197,0.516814
0.648479,0.508101
0.659727,0.499458
0.671214,0.490674
0.682555,0.482044
0.693996,0.473382
0.705637,0.464613
0.71707,0.456043
0.728611,0.447437
0.740332,0.43874
0.751905,0.430196
0.763437,0.421726
0.775157,0.413162
0.786916,0.404612
0.798319,0.396364
0.809947,0.387994
0.821665,0.379602
0.833241,0.371353
0.844593,0.363303
0.856103,0.355182
0.867642,0.347079
0.879013,0.339134
0.889329,0.331958
0.891561,0.330409
0.895315,0.327807
0.900537,0.324195
0.906925,0.319786
0.91492,0.314284
0.924529,0.307694
0.935715,0.300054
0.948496,0.291367
0.962985,0.281572
0.97934,0.270584
0.997646,0.25837
1.0197,0.243765
1.04732,0.225611
1.07105,0.210136
1.09822,0.192545
1.1238,0.176094
1.15194,0.158118
1.17956,0.140585
1.20914,0.121918
1.23886,0.103262
1.27019,0.0836907
1.30213,0.0638336
1.3355,0.0431631
1.36984,0.021972
1.40555,0.0
0.0872764,1.00477
0.0912446,1.00109
0.0953687,0.997262
0.0996499,0.993291
0.104089,0.989178
0.108688,0.984922
0.113447,0.980522
0.118367,0.975978
0.123449,0.971292
0.128693,0.966463
0.1341,0.961492
0.13967,0.95638
0.145402,0.951127
0.151298,0.945736
0.157355,0.940208
0.163575,0.934544
0.169955,0.928747
0.176496,0.922818
0.183195,0.916759
0.190052,0.910574
0.197066,0.904265
0.204234,0.897834
0.211556,0.891284
0.219029,0.884619
0.226651,0.877841
0.234421,0.870954
0.242336,0.86396
0.250395,0.856862
0.258595,0.849664
0.266935,0.842369
0.275413,0.83498
0.284025,0.8275
0.292772,0.819932
0.301649,0.812279
0.310656,0.804544
0.319791,0.796729
0.329052,0.788838
0.338437,0.780873
0.347945,0.772836
0.357573,0.764732
0.367321,0.756561
0.377187,0.748326
0.387169,0.74003
0.397266,0.731675
0.407477,0.723264
0.417799,0.714798
0.428233,0.70628
0.438776,0.697712
0.449427,0.689096
0.460184,0.680435
0.471047,0.67173
0.482013,0.662984
0.493081,0.6542
0.504249,0.645379
0.515515,0.636523
0.526878,0.627636
0.538335,0.618719
0.549884,0.609774
0.561317,0.600963
0.572408,0.592455
0.583538,0.583957
0.594581,0.575563
0.605823,0.567057
0.616973,0.558661
0.628396,0.550099
0.639641,0.54171
0.651146,0.533169
0.662677,0.524651
0.674171,0.5162
0.685918,0.507607
0.697512,0.499167
0.709211,0.490693
0.721122,0.482108
0.732815,0.473723
0.744622,0.465298
0.756621,0.456779
0.768466,0.448413
0.780268,0.440118
0.792271,0.431723
0.80432,0.42334
0.815991,0.415259
0.827906,0.407051
0.839919,0.398816
0.851786,0.390722
0.863418,0.382826
0.875222,0.374851
0.887063,0.36689
0.898731,0.359083
0.909311,0.352035
0.91163,0.350495
0.91551,0.347919
0.920892,0.344353
0.927451,0.340017
0.935659,0.334605
0.945523,0.328124
0.957001,0.320614
0.970112,0.312075
0.984977,0.302445
1.00177,0.291634
1.02059,0.279593
1.04335,0.265138
1.07195,0.247105
1.0964,0.231808
1.1245,0.214342
1.15087,0.198056
1.17998,0.180194
1.20849,0.162806
1.2391,0.144236
1.26982,0.1257
1.30227,0.106204
1.33531,0.0864374
1.36992,0.0658116
1.40548,0.0446784
1.44255,0.0227038
1.48091,0.0
0.0943562,1.00558
0.0985493,1.00186
0.102903,0.998005
0.107417,0.994007
0.112094,0.98987
0.116935,0.985594
0.12194,0.981178
0.12711,0.976623
0.132446,0.971929
0.137948,0.967097
0.143616,0.962127
0.149451,0.957021
0.155451,0.95178
0.161618,0.946405
0.16795,0.940898
0.174446,0.935261
0.181106,0.929496
0.187928,0.923605
0.194912,0.91759
0.202055,0.911454
0.209357,0.905199
0.216815,0.898828
0.224428,0.892345
0.232194,0.885751
0.240111,0.879051
0.248177,0.872246
0.256389,0.86534
0.264747,0.858337
0.273247,0.851238
0.281887,0.844047
0.290667,0.836767
0.299583,0.8294
0.308633,0.821951
0.317817,0.81442
0.327131,0.806812
0.336575,0.799129
0.346146,0.791373
0.355842,0.783547

0.365663,0.775654
0.375607,0.767695
0.385671,0.759674
0.395855,0.751592
0.406158,0.743451
0.416578,0.735255
0.427113,0.727004
0.437762,0.718701
0.448525,0.710349
0.459399,0.701949
0.470383,0.693503
0.481476,0.685014
0.492675,0.676483
0.503981,0.667913
0.51539,0.659306
0.526902,0.650664
0.538514,0.641989
0.550223,0.633283
0.562029,0.62455
0.573712,0.615949
0.585033,0.607654
0.596398,0.599365
0.607673,0.591178
0.619157,0.582879
0.630544,0.574689
0.642218,0.566331
0.653706,0.558146
0.665466,0.549807
0.677254,0.541489
0.689003,0.533238
0.701019,0.524842
0.712873,0.516599
0.72484,0.508319
0.737031,0.499926
0.748992,0.491733
0.761075,0.483496
0.773363,0.475163
0.785488,0.46698
0.79757,0.458867
0.809868,0.45065
0.822216,0.442441
0.834166,0.434535
0.846378,0.426496
0.858698,0.418426
0.870866,0.410493
0.882788,0.402758
0.894899,0.394938
0.907053,0.387127
0.919029,0.379466
0.929885,0.372552
0.932292,0.371023
0.936302,0.368478
0.94185,0.364963
0.948588,0.360703
0.957018,0.355388
0.967147,0.349023
0.978929,0.341649
0.992386,0.333265
1.00764,0.32381
1.02489,0.313185
1.04426,0.30133
1.06775,0.287044
1.09737,0.26916
1.12256,0.254059
1.15164,0.236742
1.17884,0.22064
1.20897,0.202917
1.23841,0.185693
1.2701,0.167245
1.30186,0.14885
1.33549,0.129454
1.36971,0.1098
1.4056,0.0892454
1.44247,0.0681904
1.48098,0.0462485
1.5208,0.0235898
1.56231,0.0
0.101794,1.0065
0.106222,1.00276
0.110813,0.998876
0.115571,0.994859
0.120495,0.990707
0.125587,0.98642
0.130848,0.981998
0.136278,0.97744
0.141877,0.972749
0.147646,0.967923
0.153585,0.962965
0.159694,0.957876
0.165972,0.952657
0.172419,0.947309
0.179034,0.941834
0.185816,0.936235
0.192765,0.930513
0.199878,0.92467
0.207155,0.918709
0.214593,0.912633
0.222191,0.906445
0.229948,0.900146
0.237861,0.893739
0.245929,0.887229
0.254148,0.880616
0.262518,0.873905
0.271037,0.867099
0.279701,0.860199
0.288509,0.85321
0.29746,0.846134
0.30655,0.838973
0.315778,0.831731
0.325143,0.82441
0.334641,0.817012
0.344273,0.809541
0.354034,0.801999
0.363925,0.794388
0.373944,0.786711
0.384088,0.778969
0.394357,0.771166
0.40475,0.763303
0.415264,0.755382
0.425898,0.747406
0.436652,0.739376
0.447523,0.731295
0.458512,0.723164
0.469615,0.714986
0.480832,0.706762
0.492162,0.698494
0.503603,0.690185
0.515154,0.681836
0.526812,0.673449
0.538576,0.665028
0.550445,0.656572
0.562416,0.648086
0.574487,0.63957
0.586426,0.631188
0.597986,0.62311
0.609593,0.615037
0.621107,0.607065
0.632842,0.598979
0.644473,0.591001
0.656408,0.582854
0.668146,0.574879
0.68017,0.566749
0.692224,0.558639
0.704237,0.550595
0.716531,0.542404
0.728655,0.534365
0.740899,0.526287
0.75338,0.518093
0.765618,0.510099
0.777987,0.502059
0.790574,0.493918
0.802991,0.485927
0.815364,0.478004
0.827967,0.469973
0.840626,0.461946
0.852866,0.454223
0.865386,0.446361
0.878024,0.438463
0.890505,0.430702
0.90273,0.423135
0.915158,0.415478
0.927639,0.407825
0.939936,0.400319
0.951078,0.393547
0.953578,0.392032
0.957722,0.389521
0.963443,0.386061
0.970366,0.381883
0.979028,0.37667
0.989433,0.370428
1.00153,0.363198
1.01535,0.354979
1.03102,0.345707
1.04874,0.335281
1.06867,0.323625
1.09294,0.309529
1.12362,0.291823
1.14959,0.276938
1.17968,0.259797
1.20776,0.243898
1.23895,0.22634
1.26937,0.209303
1.3022,0.191004
1.33506,0.172773
1.36993,0.153505
1.40538,0.133987
1.44264,0.113532
1.48089,0.09258
1.52091,0.0707011
1.56229,0.0481053
1.60547,0.0245254
1.65037,0.0
0.109603,1.00754
0.114274,1.00378
0.119114,0.999886
0.124124,0.995861
0.129306,0.991704
0.134659,0.987416
0.140185,0.982996
0.145884,0.978447
0.151757,0.973768
0.157803,0.96896
0.164023,0.964024
0.170415,0.958962
0.17698,0.953776
0.183717,0.948466
0.190625,0.943035
0.197703,0.937484
0.204949,0.931817
0.212362,0.926035
0.21994,0.92014
0.227683,0.914136
0.235587,0.908025
0.243651,0.901809
0.251873,0.895491
0.260251,0.889075
0.268783,0.882563
0.277466,0.875957
0.286299,0.869261
0.29528,0.862477
0.304406,0.855609
0.313675,0.848658
0.323086,0.841627
0.332636,0.83452
0.342324,0.827338
0.352148,0.820084
0.362106,0.81276
0.372197,0.805369
0.382419,0.797913
0.39277,0.790394
0.403249,0.782814
0.413855,0.775176
0.424587,0.767481
0.435443,0.759731
0.446422,0.751928
0.457522,0.744074
0.468743,0.736171
0.480083,0.728221
0.49154,0.720225
0.503115,0.712186
0.514804,0.704106
0.526607,0.695985
0.538522,0.687827
0.550547,0.679633
0.562681,0.671405
0.574921,0.663145
0.587266,0.654855
0.59947,0.646699
0.611277,0.638847
0.623135,0.630996
0.634897,0.623246
0.64689,0.61538
0.658776,0.607621
0.670979,0.599692
0.682976,0.591936
0.695274,0.584022
0.707603,0.576128
0.719889,0.568298
0.732472,0.56032
0.744876,0.552493
0.757407,0.544625
0.770188,0.536639
0.782715,0.528852
0.795381,0.521016
0.808278,0.513077
0.820997,0.505287
0.833671,0.497561
0.846591,0.489725
0.859573,0.48189
0.872115,0.474357
0.884956,0.466681
0.897925,0.458966
0.910731,0.451384
0.923271,0.443995
0.936031,0.43651
0.94885,0.429025
0.961482,0.421682
0.972924,0.41506
0.975518,0.413562
0.979803,0.41109
0.985703,0.407691
0.99282,0.4036
1.00172,0.398495
1.01242,0.392384
1.02485,0.385307
1.03904,0.377263
1.05514,0.368185
1.07336,0.357969
1.09389,0.346529
1.11896,0.332645
1.15075,0.315149
1.17753,0.3005
1.20869,0.283562
1.23769,0.267891
1.26999,0.250526
1.30144,0.233699
1.33547,0.215579
1.3695,0.197538
1.40567,0.178427
1.44242,0.159073
1.48112,0.138748
1.52084,0.117927
1.56246,0.0961432
1.60548,0.073638
1.65047,0.0501065
1.69723,0.0256265
1.74612,0.0
0.117794,1.00872
0.122719,1.00495
0.127817,1.00105
0.133091,0.997027
0.138539,0.992875
0.144165,0.988596
0.149966,0.984191
0.155945,0.97966
0.162101,0.975004
0.168435,0.970225
0.174945,0.965323
0.181631,0.9603
0.188493,0.955158
0.19553,0.949898
0.20274,0.944522
0.210122,0.939033
0.217675,0.933432
0.225398,0.927723
0.233288,0.921906
0.241343,0.915986
0.249563,0.909964
0.257943,0.903844
0.266484,0.897628
0.275182,0.891318
0.284035,0.884917
0.293041,0.878429
0.302199,0.871855
0.311505,0.865199
0.320958,0.858463
0.330557,0.851649
0.340298,0.84476
0.350181,0.837798
0.360203,0.830767
0.370364,0.823667
0.38066,0.816502
0.391091,0.809273
0.401655,0.801982
0.412351,0.794632
0.423178,0.787224
0.434133,0.779761
0.445217,0.772243
0.456428,0.764674
0.467764,0.757054
0.479225,0.749386
0.490809,0.741672
0.502514,0.733912
0.514341,0.726109
0.526287,0.718264
0.53835,0.71038
0.55053,0.702458
0.562825,0.6945
0.575232,0.686508
0.587751,0.678483
0.600379,0.670428
0.612858,0.662507
0.624919,0.654887
0.637037,0.647267
0.649055,0.639745
0.661317,0.632107
0.673465,0.624575
0.685948,0.616874
0.698213,0.609343
0.710794,0.601654
0.723408,0.593984
0.735978,0.586377
0.74886,0.578621
0.761555,0.571014
0.774383,0.563365
0.787477,0.555597
0.800303,0.548025
0.813277,0.540403
0.826496,0.532676
0.839529,0.525095
0.852518,0.517577
0.865768,0.509945
0.879085,0.502312
0.891941,0.494978
0.905116,0.487498
0.91843,0.479976
0.931575,0.472583
0.944443,0.46538
0.957548,0.458078
0.970722,0.45077
0.983702,0.443602
0.995456,0.437138
0.99815,0.43566
1.00258,0.433231
1.00867,0.429899
1.01599,0.425901
1.02514,0.420912
1.03614,0.41494
1.04892,0.408025
1.06351,0.400167
1.08005,0.391296
1.09879,0.381305
1.11994,0.370098
1.14585,0.356448
1.1788,0.339196
1.20645,0.324806
1.23872,0.308104
1.26868,0.292683
1.30216,0.275543
1.3347,0.258954
1.36999,0.241043
1.40525,0.223221
1.4428,0.204301
1.48093,0.185141
1.52115,0.16498
1.56242,0.144322
1.60573,0.122668
1.65051,0.100286
1.6974,0.0768392
1.74615,0.0524326
1.79719,0.0268285
1.85051,0.0
0.126381,1.01005
0.13157,1.00628
0.136938,1.00239
0.142485,0.998374
0.148211,0.994238
0.154119,0.989979
0.160207,0.985599
0.166476,0.981099
0.172926,0.976478
0.179557,0.971739
0.186367,0.966883
0.193358,0.961911
0.200527,0.956826
0.207873,0.951628
0.215396,0.946321
0.223093,0.940905
0.230964,0.935384
0.239005,0.92976
0.247216,0.924035
0.255595,0.918211
0.264139,0.912292
0.272846,0.90628
0.281715,0.900177
0.290743,0.893987
0.299927,0.887711
0.309267,0.881352
0.318759,0.874913
0.328402,0.868397
0.338193,0.861805
0.348132,0.85514
0.358215,0.848405
0.368442,0.841601
0.37881,0.834732
0.389318,0.827798
0.399964,0.820802
0.410748,0.813747
0.421667,0.806633
0.432721,0.799462
0.443908,0.792238
0.455227,0.78496
0.466677,0.777632
0.478257,0.770254
0.489965,0.762829
0.5018,0.755357
0.513762,0.747841
0.525849,0.740282
0.53806,0.732682
0.550393,0.725043
0.562847,0.717366
0.57542,0.709653
0.588111,0.701905
0.600918,0.694125
0.613838,0.686315
0.626602,0.678636
0.638927,0.671258
0.651315,0.663876
0.663599,0.656591
0.676138,0.649191
0.688559,0.641894
0.701331,0.634429
0.713874,0.627132
0.72675,0.619678
0.73966,0.612241
0.752525,0.604866
0.765717,0.597341
0.778713,0.589965
0.791851,0.582544
0.805269,0.575004
0.818406,0.567657
0.831701,0.560259
0.845256,0.552754
0.858616,0.545393
0.871931,0.538092
0.885525,0.530675
0.899192,0.523254
0.912375,0.51613
0.925898,0.508857
0.939571,0.501538
0.95307,0.494346
0.966281,0.48734
0.979747,0.480231
0.99329,0.473112
1.00663,0.466129
1.01872,0.459833
1.02151,0.458379
1.02609,0.455999
1.03238,0.452739
1.03991,0.44884
1.04933,0.443975
1.06064,0.438152
1.07378,0.43141
1.08878,0.423749
1.1058,0.415099
1.12509,0.405348
1.14689,0.394392
1.17368,0.381004
1.20784,0.364032
1.2364,0.349926
1.26985,0.333493
1.30082,0.318351
1.33553,0.301469
1.36923,0.285148
1.40585,0.267481
1.4424,0.249911
1.48141,0.231215
1.52101,0.212284
1.56283,0.192324
1.60576,0.171865
1.65087,0.150379
1.69752,0.128158
1.74644,0.104837
1.79732,0.0805412
1.85066,0.0550047
1.90641,0.0282267
1.96493,0.0
0.135378,1.01154
0.140842,1.00778
0.14649,1.00391
0.152321,0.99992
0.158337,0.995812
0.164537,0.991585
0.170922,0.987243
0.177492,0.982784
0.184247,0.978212
0.191186,0.973526
0.198309,0.968728
0.205614,0.963821
0.2131,0.958805
0.220767,0.953683
0.228613,0.948457
0.236635,0.943128
0.244833,0.9377
0.253204,0.932175
0.261747,0.926554
0.270459,0.920841
0.279338,0.915038
0.288382,0.909148
0.29759,0.903172
0.306958,0.897114
0.316485,0.890976
0.326168,0.884761
0.336006,0.87847
0.345997,0.872106
0.356138,0.865672
0.366428,0.859169
0.376865,0.8526
0.387448,0.845967
0.398174,0.839272
0.409043,0.832517
0.420053,0.825703
0.431203,0.818833
0.442491,0.811907
0.453917,0.804929
0.465479,0.797899
0.477176,0.79082
0.489007,0.783692
0.500971,0.776517
0.513067,0.769298
0.525294,0.762034
0.53765,0.754729
0.550135,0.747382
0.562747,0.739997
0.575484,0.732574
0.588346,0.725116
0.60133,0.717623
0.614435,0.710098
0.627659,0.702542
0.640717,0.695117
0.653316,0.687988
0.665983,0.680855
0.678543,0.673816
0.691371,0.666662
0.704075,0.659611
0.717147,0.652391
0.72998,0.645338
0.743162,0.638128
0.756379,0.630935
0.76955,0.623803
0.783065,0.61652
0.796375,0.609384
0.809835,0.602203
0.82359,0.594901
0.837052,0.58779
0.850681,0.580627
0.864584,0.573356
0.878285,0.566225
0.891942,0.559153
0.905893,0.551963
0.919925,0.544766
0.93345,0.537863
0.947337,0.530808
0.961384,0.523705
0.975254,0.516725
0.988822,0.509928
1.00267,0.503024
1.01659,0.496107
1.03032,0.489321
1.04274,0.483204
1.04565,0.481778
1.05039,0.47945
1.05687,0.476271
1.06463,0.472478
1.07432,0.467745
1.08597,0.462081
1.09949,0.455524
1.11493,0.448073
1.13244,0.439659
1.15231,0.430166
1.17479,0.419483
1.20251,0.406385
1.23794,0.389732
1.26745,0.375939
1.30213,0.35981
1.33418,0.344978
1.37019,0.32839
1.40511,0.312371
1.44313,0.294987
1.48106,0.277703
1.52162,0.259273
1.56277,0.240609
1.60631,0.220891
1.651,0.200671
1.69803,0.179397
1.74667,0.157379
1.79775,0.134228
1.8509,0.110087
1.9067,0.0846656
1.96505,0.0579789
2.02638,0.0297889
2.09082,0.0
0.144798,1.01321
0.150549,1.00948
0.156488,1.00564
0.162615,1.00169
0.168931,0.997617
0.175436,0.993436
0.18213,0.989143
0.189012,0.98474
0.196083,0.980229
0.203342,0.975609
0.210787,0.970884
0.218418,0.966054
0.226233,0.961122
0.234231,0.95609
0.24241,0.950959
0.250768,0.945733
0.259304,0.940412
0.268016,0.935
0.276901,0.929498
0.285958,0.92391
0.295183,0.918237
0.304576,0.912483
0.314133,0.906649
0.323853,0.900738
0.333734,0.894752
0.343773,0.888693
0.353969,0.882564
0.364319,0.876367
0.374823,0.870104
0.385477,0.863777
0.396281,0.857388
0.407233,0.850939
0.418332,0.844431
0.429576,0.837868
0.440963,0.831249
0.452494,0.824577
0.464166,0.817854
0.475979,0.81108
0.487932,0.804259
0.500023,0.79739
0.512252,0.790475
0.524617,0.783517
0.537118,0.776515
0.549753,0.769473
0.562522,0.76239
0.575423,0.755269
0.588454,0.748112
0.601615,0.740918
0.614903,0.733691
0.628318,0.726432
0.641856,0.719142
0.65522,0.711981
0.668104,0.705112
0.681061,0.698238
0.693908,0.691455
0.707035,0.684558
0.720034,0.677762
0.733417,0.670799
0.746551,0.664
0.760051,0.657046
0.773589,0.650108
0.787078,0.643229
0.80093,0.636201
0.814567,0.629316
0.828362,0.622386
0.842469,0.615335
0.856269,0.608472
0.870246,0.601556
0.884514,0.594531
0.898571,0.587643
0.912583,0.580812
0.926908,0.573861
0.941321,0.566903
0.955203,0.560232
0.96947,0.553409
0.98391,0.546535
0.998166,0.53978
1.01211,0.533204
1.02635,0.526518
1.04068,0.519817
1.05481,0.513242
1.06759,0.507316
1.0706,0.505921
1.07551,0.503653
1.08221,0.50056
1.0902,0.496881
1.10018,0.49229
1.11217,0.486796
1.1261,0.480438
1.14199,0.473212
1.16003,0.46505
1.1805,0.455835
1.2037,0.445447
1.2324,0.432671
1.26917,0.41638
1.29968,0.40293
1.33567,0.387147
1.36885,0.372659
1.40624,0.356407
1.44244,0.340725
1.48196,0.323666
1.52135,0.306709
1.56354,0.288589
1.60635,0.270234
1.65172,0.250806
1.69828,0.230871
1.74735,0.209857
1.79813,0.188089
1.85152,0.16516
1.9071,0.141224
1.96554,0.11597
2.02669,0.0894266
2.09106,0.0613306
2.15874,0.031603
2.23016,0.0
0.154657,1.01509
0.160706,1.0114
0.166949,1.0076
0.173383,1.00369
0.180012,0.999677
0.186833,0.995555
0.193847,0.991326
0.201054,0.986993
0.208452,0.982556
0.216042,0.978018
0.223821,0.973379
0.231789,0.968642
0.239944,0.963809
0.248285,0.958881
0.256809,0.953861
0.265515,0.948751
0.274401,0.943553
0.283465,0.938269
0.292704,0.932902
0.302116,0.927454
0.3117,0.921927
0.321452,0.916324
0.331372,0.910646
0.341456,0.904897
0.351703,0.899078
0.362111,0.893191
0.372677,0.887239
0.383401,0.881223
0.39428,0.875146
0.405313,0.869009
0.416498,0.862815
0.427834,0.856564
0.43932,0.850259
0.450954,0.843901
0.462735,0.837491
0.474663,0.831032
0.486736,0.824525
0.498953,0.817971
0.511313,0.811371
0.523816,0.804727
0.536461,0.79804
0.549246,0.791311
0.56217,0.784542
0.575233,0.777735
0.588433,0.770889
0.60177,0.764008
0.615241,0.757092
0.628845,0.750142
0.642581,0.743161
0.656447,0.736149
0.670129,0.729265
0.683308,0.722667
0.696567,0.716062
0.709712,0.709546
0.723151,0.702918
0.736457,0.696388
0.750165,0.689695
0.763612,0.683162
0.777444,0.676476
0.791315,0.669805
0.805137,0.663192
0.819339,0.656431
0.833317,0.64981
0.847463,0.643144
0.861936,0.636358
0.876089,0.629756
0.89043,0.6231
0.905078,0.616335
0.919507,0.609704
0.933892,0.603127
0.948608,0.596431
0.963419,0.589724
0.977676,0.5833
0.992341,0.576722
1.00719,0.570093
1.02185,0.563578
1.03619,0.557236
1.05084,0.550784
1.0656,0.544313
1.08015,0.537963
1.0933,0.532242
1.09644,0.530883
1.10152,0.52868
1.10844,0.525681
1.11667,0.522125
1.12696,0.517688
1.13932,0.512376
1.15367,0.50623
1.17004,0.499247
1.18863,0.491356
1.20974,0.48244
1.2337,0.472372
1.26342,0.459952
1.3016,0.444071
1.33318,0.431
1.37054,0.415607
1.40493,0.401499
1.44377,0.385628
1.48135,0.370326
1.52245,0.353639
1.56339,0.337054
1.60733,0.319293
1.6519,0.301296
1.69921,0.282209
1.74778,0.262611
1.79904,0.241912
1.8521,0.220451
1.90796,0.1978
1.96616,0.174127
2.02743,0.149102
2.09159,0.122761
2.15923,0.0948226
2.23041,0.0652152
2.30562,0.0336677
2.38515,0.0
0.164969,1.01719
0.171329,1.01355
0.177887,1.00981
0.184642,1.00597
0.191595,1.00202
0.198745,0.997968
0.206092,0.993818
0.213635,0.989569
0.221373,0.985223
0.229306,0.980781
0.237432,0.976245
0.245749,0.971617
0.254256,0.966898
0.262952,0.962091
0.271833,0.957198
0.280899,0.952221
0.290147,0.947161
0.299574,0.942022
0.30918,0.936805
0.318961,0.931514
0.328915,0.926149
0.339041,0.920713
0.349335,0.915208
0.359797,0.909636
0.370424,0.904
0.381214,0.898302
0.392166,0.892542
0.403277,0.886724
0.414547,0.880848
0.425973,0.874918
0.437555,0.868933
0.449291,0.862896
0.46118,0.856809
0.473221,0.850672
0.485413,0.844488
0.497756,0.838257
0.510247,0.831981
0.522887,0.825661
0.535674,0.819298
0.548608,0.812895
0.561688,0.80645
0.574913,0.799968
0.588282,0.793447
0.601793,0.78689
0.615447,0.780297
0.62924,0.773671
0.643173,0.767012
0.657243,0.760322
0.671449,0.753602
0.685462,0.747007
0.698949,0.740692
0.712523,0.73437
0.725979,0.728134
0.739743,0.721787
0.753368,0.715537
0.767415,0.709126
0.781189,0.702871
0.795366,0.696468
0.809586,0.690077
0.823754,0.683743
0.838323,0.677264
0.852657,0.670922
0.867169,0.664534
0.882026,0.658028
0.896549,0.6517
0.91127,0.645319
0.926317,0.63883
0.941135,0.632471
0.95591,0.626163
0.971035,0.619737
0.986265,0.613299

1.00091,0.607135
1.016,0.60082
1.03128,0.594451
1.04637,0.588192
1.06112,0.582101
1.0762,0.575899
1.09141,0.569675
1.10639,0.563567
1.11995,0.558065
1.12321,0.556746
1.12847,0.554615
1.13563,0.55172
1.14411,0.548296
1.15473,0.544023
1.16747,0.538909
1.18226,0.532992
1.19914,0.526269
1.21831,0.518669
1.24009,0.510077
1.26486,0.500359
1.29566,0.488333
1.33534,0.472913
1.36804,0.460259
1.40686,0.445305
1.44253,0.431621
1.48291,0.416182
1.52194,0.401306
1.56473,0.385042
1.60733,0.36888
1.65313,0.351534
1.69959,0.33395
1.74897,0.315263
1.79969,0.29606
1.85328,0.27574
1.9088,0.254647
1.96733,0.232342
2.02834,0.208998
2.09266,0.18427
2.16007,0.158203
2.23124,0.130494
2.3062,0.10108
2.38554,0.0696653
2.46952,0.0360777
2.55872,0.0
0.17575,1.01954
0.182434,1.01597
0.189321,1.0123
0.196409,1.00853
0.203699,1.00467
0.211191,1.00071
0.218883,0.99665
0.226775,0.992502
0.234866,0.988263
0.243155,0.983934
0.25164,0.979518
0.26032,0.975015
0.269192,0.970428
0.278255,0.965758
0.287506,0.961009
0.296945,0.956182
0.306567,0.951279
0.316373,0.946302
0.326358,0.941253
0.336521,0.936134
0.34686,0.930949
0.357372,0.925697
0.368056,0.920383
0.37891,0.915007
0.389931,0.909571
0.401119,0.904077
0.412471,0.898528
0.423986,0.892924
0.435663,0.887267
0.447499,0.881559
0.459495,0.875802
0.471649,0.869996
0.483959,0.864143
0.496426,0.858245
0.509048,0.852302
0.521824,0.846317
0.534754,0.840289
0.547837,0.834221
0.561072,0.828113
0.574458,0.821966
0.587995,0.815782
0.601682,0.809562
0.615517,0.803306
0.6295,0.797017
0.64363,0.790695
0.657904,0.784342
0.672323,0.777958
0.686883,0.771545
0.701241,0.765254
0.71505,0.759236
0.728952,0.753209
0.742732,0.747266
0.756835,0.741215
0.770794,0.735258
0.785195,0.729145
0.799311,0.723184
0.813849,0.717077
0.828433,0.710983
0.842964,0.704943
0.857916,0.698761
0.872623,0.692713
0.887518,0.686619
0.902777,0.680409
0.917686,0.674373
0.932807,0.668283
0.948271,0.662087
0.963498,0.656017
0.978682,0.649995
0.994238,0.643856
1.00991,0.637704
1.02497,0.631818
1.04049,0.625783
1.05622,0.619692
1.07176,0.613708
1.08694,0.607885
1.10249,0.60195
1.11816,0.595992
1.13362,0.590145
1.14759,0.584878
1.15097,0.583604
1.15643,0.581553
1.16384,0.578771
1.17259,0.575489
1.18355,0.571394
1.1967,0.566493
1.21196,0.560823
1.22937,0.554381
1.24916,0.547097
1.27165,0.538855
1.29727,0.529518
1.32922,0.51793
1.37047,0.503029
1.40437,0.490834
1.44474,0.476375
1.48176,0.463162
1.52379,0.44821
1.56438,0.433813
1.60895,0.418033
1.65333,0.402351
1.70111,0.385483
1.74959,0.368374
1.8012,0.350153
1.85422,0.331413
1.91033,0.311541
1.96849,0.290889
2.02988,0.269005
2.09393,0.246068
2.16155,0.221719
2.23248,0.196006
2.30747,0.168613
2.38654,0.139476
2.47036,0.108284
2.55919,0.0748628
2.65368,0.0388682
2.75436,0.0
0.187016,1.02217
0.194039,1.01868
0.201267,1.01509
0.208702,1.01142
0.216344,1.00765
0.22419,1.0038
0.232242,0.999855
0.240497,0.995826
0.248954,0.991711
0.257612,0.987514
0.26647,0.983234
0.275525,0.978875
0.284776,0.974438
0.29422,0.969925
0.303855,0.965338
0.31368,0.96068
0.323692,0.955951
0.333888,0.951155
0.344268,0.946293
0.354828,0.941367
0.365566,0.936379
0.37648,0.931331
0.387569,0.926226
0.398831,0.921063
0.410263,0.915847
0.421865,0.910577
0.433635,0.905256
0.445571,0.899885
0.457672,0.894466
0.469937,0.888999
0.482366,0.883487
0.494956,0.877931
0.507708,0.872332
0.520621,0.866691
0.533693,0.861009
0.546925,0.855287
0.560315,0.849526
0.573864,0.843728
0.587569,0.837893
0.601431,0.832023
0.615449,0.826118
0.629622,0.82018
0.643949,0.81421
0.658428,0.808208
0.67306,0.802175
0.687841,0.796114
0.702772,0.790025
0.71749,0.784054
0.731635,0.778348
0.745879,0.772632
0.759998,0.766998
0.774457,0.761259
0.788764,0.755611
0.803535,0.749811
0.818009,0.744159
0.832926,0.738366
0.847891,0.732585
0.862802,0.726857
0.878155,0.720991
0.893254,0.715253
0.90855,0.709471
0.92423,0.703576
0.939546,0.697849
0.955086,0.692069
0.970988,0.686185
0.986645,0.680422
1.00226,0.674705
1.01827,0.668873
1.0344,0.663026
1.04989,0.657437
1.06588,0.651701
1.08209,0.64591
1.0981,0.640219
1.11374,0.634684
1.12977,0.629038
1.14594,0.623366
1.16188,0.617799
1.17629,0.612786
1.17982,0.611563
1.18548,0.609601
1.19315,0.606943
1.20219,0.603815
1.2135,0.599913
1.22708,0.595242
1.24284,0.58984
1.26082,0.583701
1.28125,0.576759
1.30451,0.568897
1.33102,0.559978
1.36419,0.548874
1.40712,0.534557
1.44229,0.522871
1.48431,0.508968
1.52278,0.496279
1.56656,0.481879
1.6088,0.468019
1.6553,0.45279
1.70157,0.437653
1.75148,0.421333
1.80213,0.40477
1.85613,0.387093
1.91163,0.368892
1.97045,0.349551
2.03145,0.329423
2.09594,0.308047
2.16328,0.285606
2.23446,0.261728
2.30922,0.236465
2.38836,0.209487
2.47191,0.18073
2.5606,0.149864
2.65472,0.116716
2.75502,0.0809153
2.86203,0.0421593
2.97662,0.0
0.198786,1.02509
0.20616,1.0217
0.213745,1.01822
0.221541,1.01466
0.229548,1.01101
0.237764,1.00728
0.246189,1.00347
0.254821,0.999579
0.263659,0.995608
0.272701,0.991561
0.281946,0.987438
0.291391,0.983243
0.301035,0.978976
0.310875,0.974639
0.320909,0.970235
0.331135,0.965765
0.341551,0.961232
0.352154,0.956636
0.362943,0.951981
0.373916,0.947268
0.38507,0.942498
0.396403,0.937674
0.407914,0.932797
0.419601,0.927869
0.431462,0.922892
0.443496,0.917866
0.455702,0.912794
0.468078,0.907676
0.480624,0.902515
0.493339,0.897311
0.506221,0.892065
0.51927,0.886779
0.532485,0.881454
0.545866,0.87609
0.559412,0.870689
0.573122,0.865252
0.586997,0.85978
0.601036,0.854273
0.615237,0.848733
0.6296,0.84316
0.644125,0.837556
0.658811,0.831921
0.673656,0.826257
0.68866,0.820564
0.703822,0.814843
0.719139,0.809096
0.734234,0.803465
0.74873,0.798087
0.763334,0.7927
0.777808,0.78739
0.792638,0.781981
0.807311,0.776659
0.82247,0.771192
0.837319,0.765867
0.852633,0.760406
0.867999,0.754958
0.883308,0.749559
0.899083,0.744029
0.914592,0.738621
0.930311,0.733171
0.946434,0.727612
0.962177,0.722213
0.978158,0.716763
0.994522,0.711213
1.01063,0.705778
1.0267,0.700386
1.04318,0.694883
1.0598,0.689365
1.07575,0.684093
1.09222,0.678678
1.10894,0.673209
1.12545,0.667835
1.14157,0.662609
1.15811,0.657274
1.17481,0.651912
1.19127,0.646649
1.20615,0.64191
1.20982,0.640745
1.21569,0.638879
1.22364,0.636358
1.23299,0.633398
1.24468,0.629704
1.25871,0.625284
1.275,0.620172
1.29359,0.614363
1.31471,0.607792
1.33876,0.600345
1.36624,0.591883
1.4007,0.581318
1.44541,0.567657
1.48194,0.556535
1.52571,0.543257
1.56572,0.531153
1.61138,0.517377
1.6554,0.504121
1.70395,0.48952
1.75226,0.475001
1.80446,0.459312
1.85744,0.443376
1.91401,0.426329
1.97218,0.408756
2.03393,0.39004
2.09801,0.370532
2.16586,0.349766
2.23676,0.327924
2.31183,0.304628
2.39074,0.279927
2.47441,0.25348
2.56284,0.225223
2.65688,0.194809
2.7568,0.162059
2.86346,0.126584
2.97744,0.0880715
3.0997,0.0460394
3.23118,0.0
0.211076,1.02835
0.218817,1.02508
0.226774,1.02172
0.234947,1.01829
0.243334,1.01478
0.251935,1.0112
0.260748,1.00754
0.269772,1.0038
0.279006,0.999998
0.288447,0.996122
0.298094,0.992178
0.307945,0.988167
0.317997,0.984091
0.328249,0.979953
0.338698,0.975753
0.349342,0.971494
0.360178,0.967177
0.371206,0.962805
0.382421,0.958378
0.393824,0.9539
0.405411,0.949371
0.417181,0.944793
0.429133,0.940167
0.441264,0.935496
0.453574,0.93078
0.466061,0.926021
0.478724,0.92122
0.491562,0.916378
0.504574,0.911497
0.51776,0.906577
0.531119,0.90162
0.54465,0.896627
0.558352,0.891599
0.572227,0.886536
0.586272,0.881439
0.600488,0.87631
0.614874,0.871149
0.629429,0.865957
0.644154,0.860735
0.659047,0.855484
0.674108,0.850205
0.689337,0.844898
0.704731,0.839564
0.72029,0.834205
0.736013,0.828821
0.751503,0.823548
0.766367,0.818517
0.781347,0.813478
0.796194,0.808513
0.811414,0.803453
0.826471,0.798477
0.842037,0.793363
0.857281,0.788385
0.873011,0.783278
0.888798,0.778183
0.904527,0.773136
0.920745,0.767962
0.936687,0.762906
0.952851,0.75781
0.96944,0.75261
0.985634,0.747562
1.00208,0.742466
1.01893,0.737273
1.03552,0.73219
1.05206,0.727147
1.06905,0.721997
1.08618,0.716832
1.10262,0.711902
1.1196,0.706833
1.13686,0.701711
1.15389,0.696679
1.17053,0.691786
1.18761,0.686788
1.20486,0.681763
1.22187,0.676829
1.23725,0.672388
1.24107,0.671287
1.24717,0.669529
1.25541,0.667157
1.26508,0.664379
1.27718,0.660914
1.2917,0.656766
1.30855,0.65197
1.32777,0.646521
1.34963,0.640354
1.37454,0.63336
1.40303,0.625402
1.43887,0.615435
1.48548,0.602513
1.52347,0.592017
1.56911,0.579443
1.61079,0.567993
1.65845,0.554923
1.70438,0.542348
1.75514,0.528461
1.80564,0.514646
1.8603,0.499681
1.91579,0.484465
1.97515,0.468149
2.03622,0.451307
2.10114,0.433324
2.16856,0.414548
2.24005,0.39451
2.31483,0.37339
2.39413,0.350802
2.47758,0.326796
2.5662,0.301019
2.65999,0.273404
2.75988,0.24359
2.86618,0.211393
2.97986,0.176402
3.10153,0.138294
3.23232,0.0965571
3.37317,0.0506853
3.52554,0.0
0.223906,1.03197
0.23203,1.02884
0.240375,1.02563
0.24894,1.02236
0.257723,1.01901
0.266725,1.01559
0.275943,1.0121
0.285376,1.00855
0.295022,1.00493
0.304879,1.00125
0.314945,0.997507
0.325218,0.993704
0.335696,0.989843
0.346376,0.985926
0.357257,0.981954
0.368336,0.97793
0.379612,0.973854
0.391081,0.969728
0.402743,0.965555
0.414595,0.961335
0.426635,0.957071
0.438862,0.952763
0.451275,0.948413
0.463872,0.944023
0.476652,0.939593
0.489614,0.935125
0.502757,0.93062
0.516081,0.926079
0.529584,0.921504
0.543266,0.916894
0.557127,0.912251
0.571166,0.907576
0.585383,0.90287
0.599778,0.898134
0.614351,0.893368
0.629101,0.888573
0.644027,0.88375
0.659131,0.878899
0.67441,0.874022
0.689865,0.86912
0.705494,0.864192
0.721298,0.85924
0.737274,0.854265
0.753423,0.849267
0.769327,0.844375
0.784579,0.839714
0.799955,0.835044
0.815193,0.830445
0.830823,0.825757
0.846284,0.821149
0.86228,0.816411
0.877938,0.811802
0.894107,0.807072
0.910338,0.802354
0.926509,0.797682
0.943195,0.792891
0.959594,0.788212
0.976226,0.783494
0.993309,0.778679
1.00998,0.774008
1.02691,0.76929
1.04428,0.764482
1.06137,0.759777
1.07842,0.755109
1.09594,0.750341
1.11362,0.745556
1.13057,0.740994
1.1481,0.736299
1.16592,0.731554
1.18351,0.726892
1.2007,0.722361
1.21835,0.717728
1.23619,0.713069
1.25379,0.708494
1.26969,0.704377
1.27368,0.703348
1.28002,0.70171
1.28858,0.699503
1.29859,0.696925
1.31111,0.693708
1.32615,0.689858
1.3436,0.685408
1.36351,0.680351
1.38615,0.674627
1.41197,0.668131
1.44156,0.660727
1.47887,0.651428
1.52751,0.639337
1.56705,0.629537
1.61471,0.617758
1.65816,0.607041
1.70799,0.59477
1.75597,0.582965
1.80911,0.569892
1.86198,0.556878
1.91931,0.542744
1.97752,0.528357
2.03989,0.512889
2.1041,0.496896
2.17247,0.479774
2.24353,0.46186
2.31899,0.442688
2.39801,0.422433
2.48193,0.400706
2.57036,0.377551
2.66442,0.352608
2.76409,0.325806
2.87044,0.296771
2.98378,0.265312
3.10522,0.230998
3.23542,0.193493
3.37565,0.152256
3.527,0.10676
3.69101,0.0562771
3.86941,0.0
0.2306,1.03396
0.234691,1.03245
0.243125,1.02937
0.251782,1.02621
0.260661,1.02298
0.269761,1.01969
0.27908,1.01633
0.288616,1.01291
0.298369,1.00943
0.308335,1.00589
0.318513,1.00228
0.328901,0.998624
0.339497,0.994909
0.350298,0.99114
0.361303,0.987319
0.372509,0.983448
0.383913,0.979528
0.395515,0.97556
0.407312,0.971547
0.419302,0.96749
0.431483,0.96339
0.443855,0.95925
0.456415,0.955069
0.469162,0.95085
0.482095,0.946593
0.495213,0.942301
0.508516,0.937973
0.522001,0.933611
0.53567,0.929217
0.549522,0.92479
0.563555,0.920332
0.577771,0.915844
0.592167,0.911326
0.606746,0.90678
0.621505,0.902205
0.636445,0.897604
0.651567,0.892976
0.666868,0.888322
0.68235,0.883643
0.698011,0.87894
0.713851,0.874213
0.729869,0.869464
0.746065,0.864692
0.762436,0.8599
0.778559,0.85521
0.794014,0.850744
0.809598,0.84627
0.825041,0.841864
0.840888,0.837374
0.856561,0.832961
0.872782,0.828423
0.888658,0.82401
0.905059,0.819481
0.921523,0.814964
0.937928,0.810491
0.95486,0.805904
0.971499,0.801425
0.988379,0.79691
1.00572,0.7923
1.02264,0.78783
1.03984,0.783315
1.05747,0.778712
1.07483,0.774209
1.09215,0.769743
1.10995,0.765178
1.12792,0.760599
1.14514,0.756233
1.16296,0.75174
1.18108,0.747196
1.19897,0.742734
1.21644,0.738397
1.2344,0.733962
1.25255,0.729499
1.27046,0.725118
1.28664,0.721176
1.29071,0.720187
1.29718,0.718614
1.30591,0.716497
1.3161,0.714027
1.32885,0.710945
1.34417,0.707257
1.36193,0.702993
1.3822,0.698149
1.40526,0.692665
1.43157,0.686439
1.46173,0.679338
1.49983,0.670405
1.54956,0.658774
1.58993,0.649357
1.63866,0.638018
1.68306,0.627704
1.73405,0.615878
1.78313,0.6045
1.83755,0.591881
1.89168,0.579314
1.95044,0.565647
2.01012,0.551724
2.07411,0.536736
2.14001,0.521223
2.21023,0.504592
2.28326,0.487171
2.36087,0.468497
2.44219,0.448742
2.52861,0.427516
2.61974,0.40486
2.71675,0.380412
2.81963,0.354097
2.9295,0.325535
3.04668,0.294532
3.17236,0.260646
3.30723,0.223536
3.45265,0.182646
3.60975,0.137435
3.78022,0.0871543
3.96577,0.0309719
4.06603,0.0
0.236408,1.03573
0.236954,1.03554
0.245466,1.03255
0.254203,1.0295
0.263165,1.02638
0.27235,1.0232
0.281756,1.01995
0.291382,1.01665
0.301227,1.01328
0.311288,1.00986
0.321563,1.00638
0.332051,1.00284
0.342749,0.999254
0.353655,0.995615
0.364767,0.991925
0.376082,0.988187
0.387599,0.984402
0.399316,0.980572
0.41123,0.976699
0.423339,0.972784
0.435643,0.968827
0.44814,0.964832
0.460827,0.960799
0.473704,0.956729
0.48677,0.952624
0.500024,0.948484
0.513465,0.944311
0.527092,0.940106
0.540905,0.935869
0.554903,0.931602
0.569087,0.927306
0.583455,0.922981
0.598008,0.918628
0.612746,0.914247
0.627667,0.909841
0.642773,0.905408
0.658064,0.900951

0.673538,0.896469
0.689195,0.891964
0.705036,0.887435
0.721059,0.882885
0.737264,0.878313
0.753651,0.87372
0.770217,0.869107
0.786529,0.864594
0.802162,0.860299
0.817926,0.855997
0.833549,0.851761
0.849583,0.847444
0.865442,0.843202
0.88186,0.83884
0.897926,0.834599
0.914529,0.830246
0.931196,0.825905
0.947804,0.821608
0.964951,0.8172
0.9818,0.812897
0.998896,0.80856
1.01647,0.80413
1.0336,0.799837
1.05103,0.795501
1.0689,0.791079
1.08649,0.786754
1.10404,0.782465
1.12209,0.778081
1.14031,0.773682
1.15777,0.76949
1.17584,0.765175
1.19422,0.76081
1.21237,0.756524
1.2301,0.752359
1.24832,0.748098
1.26675,0.743811
1.28493,0.739602
1.30136,0.735815
1.3055,0.734861
1.31209,0.733347
1.32095,0.73131
1.33131,0.728936
1.34426,0.725974
1.35981,0.722429
1.37786,0.718331
1.39845,0.713675
1.42187,0.708405
1.44861,0.702419
1.47928,0.695587
1.51807,0.686983
1.56875,0.675766
1.60985,0.666691
1.65952,0.655747
1.70477,0.645797
1.75677,0.634371
1.80682,0.623377
1.86236,0.611169
1.91761,0.599007
1.97763,0.585763
2.03861,0.572263
2.10404,0.557711
2.17144,0.542637
2.2433,0.526455
2.31807,0.509485
2.39759,0.491271
2.48094,0.471977
2.56959,0.451216
2.66312,0.429025
2.76276,0.40504
2.86849,0.379184
2.9815,0.351072
3.10212,0.320505
3.23158,0.287035
3.37063,0.250314
3.52068,0.209774
3.68294,0.164865
3.8592,0.114815
4.05125,0.0587894
4.15508,0.0278704
4.24743,0.0
0.258405,1.04255
0.262717,1.04106
0.271708,1.03797
0.280923,1.03481
0.290362,1.03159
0.300021,1.02831
0.309901,1.02497
0.319997,1.02157
0.33031,1.01811
0.340836,1.0146
0.351573,1.01104
0.362519,1.00743
0.373672,1.00376
0.38503,1.00005
0.39659,0.996288
0.408351,0.992483
0.42031,0.988635
0.432466,0.984745
0.444817,0.980814
0.457362,0.976843
0.470098,0.972834
0.483026,0.968789
0.496143,0.964708
0.509448,0.960592
0.522942,0.956443
0.536623,0.952261
0.550491,0.948048
0.564546,0.943804
0.578786,0.93953
0.593212,0.935227
0.607824,0.930895
0.622622,0.926536
0.637605,0.922151
0.652774,0.917739
0.668128,0.913301
0.683666,0.908838
0.69939,0.904352
0.715298,0.899841
0.731389,0.895308
0.747664,0.890753
0.76412,0.886176
0.780758,0.881579
0.797137,0.877082
0.812825,0.872803
0.828647,0.868516
0.844326,0.864295
0.860421,0.859991
0.876337,0.855763
0.892818,0.851413
0.908944,0.847184
0.925611,0.842841
0.942343,0.83851
0.959014,0.834222
0.97623,0.829822
0.993143,0.825527
1.01031,0.821196
1.02795,0.816771
1.04515,0.812483
1.06264,0.80815
1.08059,0.803731
1.09825,0.799408
1.11588,0.79512
1.134,0.790735
1.15229,0.786334
1.16982,0.782141
1.18797,0.777822
1.20643,0.773452
1.22465,0.76916
1.24245,0.76499
1.26075,0.760721
1.27926,0.756425
1.29752,0.752206
1.31402,0.74841
1.31819,0.747451
1.32482,0.74593
1.33373,0.743885
1.34413,0.741504
1.35714,0.738533
1.37276,0.734977
1.39087,0.730865
1.41154,0.726194
1.43506,0.720904
1.46191,0.714893
1.49271,0.708028
1.5317,0.699374
1.58265,0.688079
1.62393,0.678947
1.67385,0.667922
1.71928,0.6579
1.77152,0.64638
1.82177,0.635294
1.87755,0.622976
1.93301,0.610699
1.99326,0.597323
2.05444,0.583682
2.1201,0.568971
2.1877,0.553725
2.25978,0.537349
2.33473,0.52017
2.41443,0.50172
2.49794,0.48217
2.58672,0.461121
2.68033,0.438614
2.78001,0.414275
2.88572,0.388026
2.99861,0.359474
3.119,0.328413
3.24808,0.294384
3.38653,0.257026
3.53569,0.21575
3.69661,0.169973
3.8708,0.11886
4.05924,0.0613632
4.16087,0.0296841
4.25214,0.00143815
4.25681,0.0
0.280672,1.04949
0.289567,1.04648
0.299036,1.04328
0.308729,1.04002
0.318642,1.0367
0.328774,1.03333
0.339123,1.0299
0.349686,1.02641
0.360462,1.02287
0.371447,1.01928
0.382641,1.01564
0.39404,1.01195
0.405643,1.00822
0.417448,1.00444
0.429452,1.00061
0.441653,0.996744
0.454051,0.992836
0.466643,0.988889
0.479428,0.984904
0.492405,0.980882
0.505572,0.976824
0.518929,0.972731
0.532475,0.968604
0.54621,0.964445
0.560132,0.960253
0.574241,0.956031
0.588538,0.951778
0.603022,0.947496
0.617692,0.943185
0.632549,0.938846
0.647593,0.934479
0.662823,0.930086
0.67824,0.925667
0.693842,0.921222
0.709631,0.916753
0.725605,0.912259
0.741764,0.907742
0.758107,0.903203
0.774633,0.898641
0.791342,0.894057
0.807786,0.889575
0.823529,0.885311
0.839409,0.881038
0.855143,0.876831
0.871297,0.87254
0.88727,0.868323
0.903815,0.863984
0.919998,0.859766
0.936729,0.855433
0.953525,0.85111
0.970259,0.84683
0.987543,0.842437
1.00452,0.838148
1.02175,0.833822
1.03946,0.829402
1.05673,0.825117
1.07429,0.820787
1.09232,0.816369
1.11005,0.812047
1.12774,0.807759
1.14594,0.803372
1.16431,0.798968
1.1819,0.794773
1.20013,0.79045
1.21866,0.786074
1.23696,0.781776
1.25483,0.777599
1.27321,0.773322
1.2918,0.769016
1.31014,0.764786
1.3267,0.76098
1.33091,0.760016
1.33757,0.758489
1.34653,0.756436
1.35698,0.754047
1.37004,0.751067
1.38572,0.747499
1.40391,0.743373
1.42467,0.738685
1.44827,0.733375
1.47523,0.727339
1.50617,0.720441
1.54535,0.711734
1.59658,0.700363
1.63803,0.691173
1.6882,0.680066
1.73382,0.669971
1.78629,0.658357
1.83675,0.647181
1.89276,0.634751
1.94843,0.622362
2.00891,0.608853
2.07031,0.595075
2.13619,0.580205
2.20401,0.56479
2.2763,0.548223
2.35146,0.530838
2.43134,0.512158
2.51502,0.492356
2.60394,0.471027
2.69766,0.448212
2.79741,0.42353
2.90313,0.396901
3.01595,0.367923
3.13617,0.336387
3.26494,0.301822
3.4029,0.263858
3.5513,0.221887
3.71108,0.175302
3.88352,0.123215
4.0703,0.0648697
4.17138,0.0329725
4.26227,0.00457094
4.26694,0.00312284
4.27704,0.0
0.326039,1.06372
0.326357,1.06362
0.336337,1.06034
0.346538,1.05701
0.356957,1.05363
0.367594,1.05018
0.378445,1.04669
0.389508,1.04314
0.400782,1.03955
0.412263,1.0359
0.423949,1.03221
0.435839,1.02848
0.447931,1.0247
0.460222,1.02087
0.47271,1.01701
0.485395,1.01311
0.498275,1.00916
0.511349,1.00518
0.524615,1.00117
0.538073,0.997117
0.551722,0.993032
0.56556,0.988913
0.579589,0.984761
0.593807,0.980578
0.608215,0.976364
0.622811,0.97212
0.637596,0.967846
0.65257,0.963543
0.667733,0.959212
0.683084,0.954853
0.698625,0.950468
0.714353,0.946055
0.73027,0.941617
0.746374,0.937153
0.762666,0.932665
0.779144,0.928152
0.795808,0.923616
0.812657,0.919058
0.82923,0.9146
0.845081,0.910363
0.861073,0.906115
0.876915,0.901933
0.893188,0.897663
0.909273,0.893468
0.925942,0.889146
0.942239,0.884947
0.959097,0.880629
0.976019,0.87632
0.992875,0.872054
1.01029,0.867671
1.0274,0.863392
1.04476,0.859074
1.06261,0.854659
1.08002,0.850379
1.09771,0.846052
1.11588,0.841633
1.13375,0.83731
1.15158,0.833019
1.16992,0.828627
1.18844,0.824215
1.20617,0.820012
1.22455,0.815678
1.24324,0.811289
1.26169,0.806975
1.2797,0.802783
1.29824,0.798488
1.31699,0.794159
1.33548,0.789907
1.35218,0.78608
1.35644,0.785106
1.36318,0.783564
1.37223,0.781494
1.38277,0.77909
1.39594,0.776089
1.41175,0.772496
1.43009,0.768341
1.45101,0.763618
1.4748,0.758266
1.50197,0.752178
1.53318,0.74521
1.57275,0.736399
1.62453,0.72487
1.66634,0.715564
1.71699,0.704293
1.76299,0.694052
1.81594,0.68225
1.8668,0.670891
1.92329,0.658241
1.97939,0.645628
2.04035,0.631858
2.10219,0.617807
2.16854,0.602625
2.2368,0.586878
2.30954,0.569939
2.38511,0.552151
2.46541,0.533023
2.54946,0.512733
2.63872,0.490861
2.73272,0.467451
2.83267,0.442108
2.93849,0.41475
3.05129,0.38496
3.17131,0.352522
3.29967,0.316946
3.43689,0.277847
3.58413,0.234588
3.74215,0.186526
3.91193,0.132703
4.09632,0.0731763
4.1969,0.0410356
4.28742,0.012432
4.29215,0.0109504
4.30225,0.00780999
4.32741,0.0
0.372373,1.07835
0.375025,1.07751
0.385733,1.07411
0.396657,1.07065
0.407796,1.06715
0.419146,1.06359
0.430707,1.05999
0.442475,1.05634
0.454448,1.05264
0.466624,1.0489
0.479002,1.04512
0.49158,1.04129
0.504356,1.03743
0.517328,1.03352
0.530496,1.02958
0.543859,1.0256
0.557415,1.02159
0.571164,1.01754
0.585104,1.01346
0.599237,1.00934
0.613561,1.0052
0.628076,1.00102
0.642783,0.996806
0.65768,0.992564
0.672769,0.988293
0.688048,0.983993
0.703518,0.979664
0.719179,0.975307
0.735031,0.970922
0.751073,0.96651
0.767305,0.962072
0.783727,0.957608
0.800338,0.953118
0.817136,0.948604
0.834122,0.944066
0.850822,0.939629
0.866778,0.935415
0.882881,0.931188
0.898829,0.927025
0.915217,0.922773
0.931412,0.918595
0.948204,0.914288
0.964613,0.910103
0.981594,0.905797
0.99864,0.901499
1.01562,0.897242
1.03317,0.892865
1.0504,0.888593
1.06789,0.884279
1.08588,0.879865
1.10341,0.875587
1.12124,0.871259
1.13955,0.866836
1.15756,0.862509
1.17552,0.858213
1.19402,0.853812
1.21269,0.849389
1.23055,0.845177
1.24907,0.840829
1.26791,0.836423
1.28651,0.832092
1.30467,0.827882
1.32335,0.823565
1.34226,0.819213
1.36091,0.814936
1.37774,0.811086
1.38206,0.8101
1.38887,0.808544
1.39802,0.806456
1.40864,0.804035
1.42193,0.801012
1.43787,0.797393
1.45635,0.793207
1.47743,0.788447
1.50141,0.783051
1.5288,0.776908
1.56028,0.76987
1.60023,0.760951
1.65255,0.749263
1.69472,0.739839
1.74586,0.728403
1.79225,0.718015
1.84568,0.706026
1.89695,0.694486
1.95391,0.681618
2.01046,0.668783
2.0719,0.654756
2.13419,0.640436
2.20103,0.62495
2.26974,0.608879
2.34296,0.591577
2.41898,0.573398
2.49973,0.553836
2.58419,0.533075
2.67385,0.510681
2.76818,0.486702
2.86843,0.460729
2.97446,0.432679
3.08737,0.402123
3.20737,0.368838
3.33552,0.33232
3.4723,0.292172
3.61879,0.247736
3.77562,0.198346
3.94451,0.143425
4.12795,0.0834017
4.22812,0.0510125
4.31829,0.0221891
4.32314,0.0206559
4.33328,0.0174757
4.3584,0.00963714
4.38933,0.0
0.419596,1.09334
0.426292,1.09127
0.437718,1.08775
0.449356,1.08418
0.461203,1.08057
0.473257,1.07691
0.485517,1.0732
0.497979,1.06945
0.510644,1.06567
0.523508,1.06184
0.536571,1.05797
0.549831,1.05406
0.563288,1.05012
0.57694,1.04614
0.590786,1.04212
0.604827,1.03807
0.619061,1.03399
0.633489,1.02987
0.64811,1.02572
0.662924,1.02154
0.677931,1.01733
0.693132,1.01308
0.708525,1.00881
0.724111,1.0045
0.739891,1.00017
0.755863,0.995811
0.772029,0.991422
0.788386,0.987005
0.804936,0.982561
0.821676,0.978091
0.838607,0.973594
0.855728,0.969072
0.872551,0.964653
0.888612,0.960458
0.904822,0.956247
0.920874,0.952101
0.937376,0.947863
0.953679,0.943699
0.970591,0.939402
0.98711,0.935229
1.00421,0.930931
1.02138,0.92664
1.03848,0.922389
1.05616,0.918016
1.07351,0.913747
1.09113,0.909434
1.10926,0.905018
1.12692,0.900739
1.14488,0.896407
1.16333,0.891978
1.18147,0.887644
1.19957,0.88334
1.21821,0.878927
1.23703,0.87449
1.25502,0.870266
1.27368,0.865901
1.29268,0.861476
1.31143,0.857126
1.32972,0.852897
1.34856,0.848556
1.36762,0.844178
1.38642,0.839873
1.40339,0.835999
1.40776,0.835002
1.41465,0.83343
1.42389,0.831324
1.4346,0.828885
1.448,0.825839
1.46407,0.822192
1.4827,0.817974
1.50394,0.813176
1.5281,0.807734
1.55571,0.801535
1.58745,0.794424
1.62778,0.785397
1.68066,0.773547
1.72318,0.764004
1.77481,0.752402
1.82158,0.741868
1.87549,0.729691
1.92718,0.717971
1.98463,0.704886
2.04162,0.691832
2.10355,0.677551
2.16631,0.662967
2.23364,0.647182
2.30283,0.630794
2.37654,0.613137
2.45304,0.594579
2.53427,0.574595
2.61918,0.553378
2.70928,0.530482
2.80402,0.505955
2.90463,0.479378
3.01095,0.450667
3.12409,0.419381
3.24421,0.385295
3.37235,0.34789
3.50893,0.306761
3.65499,0.261236
3.81109,0.210634
3.97918,0.154892
4.16191,0.0945043
4.26172,0.0618754
4.35158,0.0328295
4.35657,0.0312342
4.36679,0.0279974
4.3919,0.0201048
4.42279,0.0104377
4.45619,0.0
0.467638,1.10863
0.468194,1.10847
0.480118,1.10489
0.492252,1.10126
0.504593,1.09759
0.517138,1.09387
0.529887,1.09011
0.542838,1.08632
0.55599,1.08248
0.56934,1.0786
0.582889,1.07469
0.596634,1.07074
0.610577,1.06675
0.624715,1.06273
0.639049,1.05867
0.653578,1.05458
0.668303,1.05046
0.683222,1.0463
0.698337,1.04212
0.713647,1.0379
0.729153,1.03365
0.744853,1.02937
0.760749,1.02505
0.77684,1.02071
0.793126,1.01634
0.809607,1.01194
0.826282,1.00752
0.84315,1.00306
0.860211,0.998579
0.877464,0.99407
0.89441,0.989664
0.910572,0.985485
0.926889,0.981288
0.943043,0.977155
0.959657,0.972927
0.976065,0.968774
0.993096,0.964485
1.00972,0.96032
1.02695,0.956027
1.04423,0.95174
1.06145,0.947493
1.07926,0.94312
1.09673,0.938851
1.11447,0.934537
1.13274,0.930117
1.15052,0.925834
1.16861,0.921496
1.18721,0.917057
1.20548,0.912713
1.22371,0.908399
1.24249,0.903972
1.26146,0.899519
1.27958,0.89528
1.29839,0.890898
1.31754,0.886451
1.33644,0.882079
1.35487,0.877828
1.37385,0.873463
1.39307,0.869056
1.41202,0.864724
1.42912,0.860823
1.43355,0.859814
1.44052,0.858227
1.44985,0.856101
1.46065,0.853643
1.47415,0.850574
1.49035,0.846898
1.50912,0.842646
1.53052,0.837808
1.55487,0.83232
1.58269,0.826062
1.6147,0.818877
1.65542,0.809739
1.70884,0.797727
1.75172,0.788064
1.80384,0.776295
1.85099,0.765615
1.90539,0.753251
1.9575,0.741352
2.01544,0.728051
2.07287,0.714781
2.13531,0.700249
2.19854,0.685405
2.26638,0.669326
2.33606,0.652627
2.41028,0.634624
2.48728,0.615694
2.56901,0.5953
2.65441,0.573641
2.74499,0.550256
2.84018,0.5252
2.94121,0.498041
3.04792,0.468696
3.16138,0.436712
3.28174,0.401862
3.41001,0.363615
3.5466,0.321562
3.6925,0.275017
3.84825,0.223314
4.01534,0.166964
4.19733,0.106208
4.29681,0.0733434
4.38638,0.0440762
4.39152,0.0424126
4.40185,0.0391078
4.42697,0.0311416
4.45783,0.0214188
4.49119,0.0109522
4.52615,0.0
0.516447,1.1242
0.523839,1.12204
0.536466,1.11835
0.549298,1.11462
0.562334,1.11085
0.575572,1.10704
0.589011,1.10319
0.602649,1.09931
0.616487,1.09538
0.630523,1.09142
0.644757,1.08743
0.659189,1.08339
0.673818,1.07933
0.688644,1.07523
0.703667,1.07109
0.718888,1.06693
0.734306,1.06273
0.749921,1.0585
0.765734,1.05424
0.781744,1.04994
0.797952,1.04562
0.814357,1.04126
0.830958,1.03688
0.847757,1.03247
0.864751,1.02802
0.88194,1.02355
0.899324,1.01905
0.916389,1.01466
0.932652,1.01049
0.949073,1.0063
0.965328,1.00218
0.982052,0.997962
0.998564,0.993817
1.01571,0.989533
1.03245,0.985373
1.04979,0.981083
1.06719,0.976797
1.08452,0.972551
1.10246,0.968175
1.12005,0.963905
1.13792,0.959587
1.15632,0.955159
1.17423,0.95087
1.19245,0.946523
1.21118,0.942072
1.22959,0.937717
1.24795,0.93339
1.26687,0.928947
1.28598,0.924476
1.30423,0.920221
1.32319,0.915818
1.34249,0.911349
1.36153,0.906953
1.38009,0.902679
1.39923,0.898287
1.4186,0.893851
1.4377,0.889488
1.45493,0.885561
1.45942,0.88454
1.46646,0.882936
1.47588,0.880791
1.48677,0.878313
1.50038,0.875219
1.51671,0.871513
1.53562,0.867226
1.55719,0.862348
1.58171,0.856811
1.60975,0.850494
1.64202,0.843233
1.68313,0.833984
1.73709,0.821808
1.78033,0.812024
1.83293,0.800088
1.88048,0.789261
1.93536,0.77671
1.98789,0.764633
2.04632,0.751119
2.10422,0.737634
2.16716,0.722854
2.23087,0.707753
2.29923,0.691384
2.36942,0.67438
2.44417,0.656037
2.52168,0.636745
2.60394,0.61595
2.68985,0.593859
2.78095,0.570001
2.87663,0.544432
2.97815,0.516709
3.0853,0.486752
3.19916,0.454096
3.31986,0.418514
3.44841,0.379463
3.58517,0.336533
3.73111,0.289025
3.88723,0.236556
4.05401,0.179987
4.23546,0.118928
4.33468,0.0858468
4.424,0.056366
4.42932,0.0546283
4.43978,0.0512459
4.46494,0.0431902
4.4958,0.0333896
4.52913,0.0228679
4.56404,0.0118879
4.60189,0.0
0.565962,1.14001
0.568866,1.13918
0.581984,1.13543
0.595307,1.13165
0.608832,1.12783
0.622559,1.12396
0.636487,1.12006
0.650616,1.11612
0.664944,1.11215
0.679471,1.10814
0.694198,1.10409
0.709124,1.10001
0.724249,1.0959
0.739574,1.09175
0.755098,1.08757
0.770821,1.08336
0.786745,1.07911
0.802867,1.07483
0.81919,1.07052
0.835712,1.06618
0.852433,1.06181
0.869353,1.0574
0.886471,1.05297
0.903787,1.04851
0.921299,1.04401
0.938483,1.03963
0.954844,1.03547
0.971368,1.03129
0.987722,1.02718
1.00455,1.02296
1.02117,1.01882
1.03843,1.01454
1.05527,1.01038
1.07273,1.00609
1.09025,1.00181
1.1077,0.99756
1.12576,0.99318
1.14347,0.988905
1.16146,0.984581
1.18,0.980144
1.19802,0.975846
1.21637,0.971489
1.23524,0.967025
1.25378,0.962656
1.27227,0.958314
1.29133,0.953853
1.31059,0.949362
1.32897,0.94509
1.34806,0.940665
1.36751,0.936171
1.3867,0.93175
1.4054,0.927452
1.42468,0.923031
1.44421,0.918564
1.46346,0.91417
1.48082,0.910214
1.48536,0.909181
1.49248,0.90756
1.50199,0.905395
1.51296,0.902897
1.52668,0.899778
1.54314,0.896041
1.5622,0.891717
1.58392,0.886798
1.60863,0.881211
1.63688,0.874834
1.66942,0.867497
1.71091,0.858135
1.76541,0.845794
1.80901,0.835889
1.8621,0.823785
1.91004,0.812812
1.9654,0.800075
2.01836,0.78782
2.07729,0.774093
2.13564,0.760396
2.1991,0.74537
2.2633,0.730016
2.33219,0.713362
2.40289,0.696057
2.47818,0.67738
2.55623,0.657732
2.63904,0.636545
2.7255,0.614033
2.81714,0.589712
2.91335,0.563644
3.01539,0.535375
3.12304,0.504825
3.23738,0.47152
3.35851,0.435232
3.48743,0.39541
3.6245,0.35164
3.77066,0.303218
3.92689,0.250094
4.09328,0.193303
4.27425,0.131973
4.37325,0.098697
4.46235,0.0690183
4.46784,0.0672069
4.47844,0.0637439
4.50366,0.0555907
4.53453,0.0456978
4.56785,0.0351005
4.60273,0.0240678
4.64054,0.0121525
4.67914,0.0
0.616138,1.15602
0.628796,1.15249
0.64261,1.14864
0.656627,1.14476
0.670846,1.14085
0.685266,1.13689
0.699888,1.1329
0.714711,1.12887
0.729735,1.12481
0.744961,1.12071
0.760388,1.11658
0.776016,1.11241
0.791846,1.10821
0.807878,1.10398
0.824112,1.09971
0.840547,1.09542
0.857185,1.09108
0.874023,1.08672
0.891063,1.08233
0.908304,1.0779
0.925744,1.07344
0.943383,1.06895
0.960684,1.06457
0.977142,1.06042
0.993768,1.05625
1.01022,1.05214
1.02716,1.04793
1.04388,1.04379
1.06125,1.03951
1.0782,1.03535
1.09577,1.03106
1.11341,1.02677
1.13097,1.02252
1.14916,1.01813
1.16698,1.01385
1.18509,1.00952
1.20376,1.00507
1.22191,1.00076
1.24038,0.996394
1.25939,0.991914
1.27806,0.98753
1.29668,0.983172
1.31588,0.978692
1.33528,0.974179
1.35378,0.969887
1.37302,0.965439
1.39262,0.960919
1.41194,0.956471
1.43078,0.952147
1.45022,0.947697
1.4699,0.943198
1.48929,0.938772
1.50679,0.934786
1.51138,0.933741
1.51857,0.932103
1.52817,0.929916
1.53923,0.927398
1.55306,0.924253
1.56964,0.920484
1.58884,0.916124
1.61073,0.911161
1.63562,0.905525
1.66408,0.899086
1.69689,0.891671
1.73876,0.882195
1.7938,0.869689
1.83776,0.859662
1.89134,0.847391
1.93967,0.836271
1.99552,0.823348
2.04891,0.810917
2.10834,0.796979
2.16715,0.78307
2.23113,0.767802
2.29583,0.752197
2.36525,0.735261
2.43648,0.71766
2.51232,0.698654
2.59092,0.678657
2.6743,0.657085
2.76132,0.634161
2.85353,0.609388
2.95032,0.582833
3.05292,0.554031
3.16112,0.522905
3.27599,0.488972
3.39762,0.452001
3.52702,0.411436
3.6645,0.366859
3.81103,0.317563
3.96711,0.26391
4.1331,0.206894
4.31361,0.145308
4.4124,0.111853
4.50131,0.0819919
4.50697,0.0801095
4.51772,0.076566
4.543,0.068312
4.5739,0.0583176
4.60722,0.0476298
4.64208,0.0365245
4.67985,0.0245576
4.71842,0.0123791
4.75765,0.0
0.66694,1.17221
0.676897,1.16948
0.691205,1.16558
0.705716,1.16165
0.720431,1.15767
0.735349,1.15366
0.75047,1.14961
0.765794,1.14553
0.781322,1.14141
0.797053,1.13726
0.812988,1.13307
0.829127,1.12884
0.84547,1.12459
0.862017,1.1203
0.878769,1.11597
0.895724,1.11162
0.912882,1.10723
0.930243,1.1028
0.947807,1.09835
0.965571,1.09386
0.982987,1.08948
0.999541,1.08534
1.01627,1.08117
1.03282,1.07707
1.04986,1.07286
1.06668,1.06872
1.08417,1.06444
1.10122,1.06028
1.1189,1.05598
1.13666,1.05169
1.15433,1.04743
1.17264,1.04304
1.19058,1.03875
1.20881,1.0344
1.22761,1.02994
1.24588,1.02562
1.26448,1.02124
1.28362,1.01674
1.30242,1.01234
1.32116,1.00796
1.34051,1.00346
1.36005,0.998927
1.37868,0.994615
1.39805,0.990142
1.4178,0.985594
1.43727,0.981119
1.45624,0.976768
1.47582,0.972287
1.49565,0.967755
1.5152,0.963295
1.53283,0.95928
1.53747,0.958221
1.54474,0.956566
1.55443,0.954358
1.56557,0.951819
1.57951,0.948647
1.59621,0.944846
1.61556,0.940448
1.6376,0.935442
1.66268,0.929754
1.69135,0.923254
1.72442,0.91576
1.76667,0.90617
1.82226,0.893497
1.86657,0.883348
1.92065,0.870909
1.96936,0.859642
2.02571,0.846534
2.07953,0.833927
2.13946,0.819779
2.19874,0.805661
2.26324,0.790152
2.32844,0.774299
2.3984,0.757085
2.47017,0.739191
2.54658,0.719862
2.62574,0.699521
2.7097,0.677571
2.7973,0.654243
2.89012,0.629027
2.98749,0.601996
3.0907,0.572674
3.19949,0.540987
3.31495,0.506441
3.43714,0.468809
3.56709,0.427524
3.70508,0.38217
3.8521,0.332034
4.00781,0.277977
4.17342,0.220741
4.35348,0.158909
4.45208,0.125286
4.54082,0.0952555
4.54663,0.0933054
4.55752,0.0896837
4.58287,0.0813288
4.61381,0.0712285
4.64714,0.0604405
4.68201,0.0492476
4.71975,0.0372092
4.75828,0.0249816
4.79748,0.0125779
4.83727,0.0
0.718326,1.18854
0.726287,1.1864
0.741093,1.18244
0.756104,1.17845
0.771321,1.17441
0.786743,1.17034
0.80237,1.16623
0.818202,1.16209
0.834241,1.15791
0.850486,1.15369
0.866937,1.14945
0.883594,1.14516
0.900458,1.14084
0.917528,1.13649
0.934803,1.1321
0.952284,1.12768
0.969969,1.12323
0.987858,1.11874
1.00539,1.11437
1.02204,1.11023
1.03886,1.10606
1.05551,1.10195
1.07266,1.09774
1.08957,1.09361
1.10718,1.08932
1.12432,1.08516
1.14213,1.08086
1.15999,1.07655
1.17777,1.07229
1.19621,1.06788
1.21426,1.06359
1.23262,1.05923
1.25154,1.05476
1.26993,1.05042
1.28865,1.04602
1.30793,1.04151
1.32685,1.03709
1.34573,1.03269
1.36521,1.02817
1.38489,1.02361
1.40365,1.01927
1.42316,1.01478
1.44305,1.0102
1.46267,1.0057
1.48177,1.00132
1.5015,0.996803
1.52148,0.992237
1.54118,0.987743
1.55893,0.983697
1.56363,0.982625
1.57097,0.980953
1.58075,0.978723
1.59198,0.976162
1.60602,0.972963
1.62285,0.969129
1.64234,0.964693
1.66455,0.959642
1.6898,0.953902
1.71869,0.947339
1.75202,0.939766
1.79466,0.930061
1.85078,0.917221
1.89546,0.90695
1.95002,0.894343
1.99913,0.88293
2.05596,0.869637
2.11021,0.856855
2.17065,0.842498
2.23041,0.828172
2.29543,0.812424
2.36114,0.796326
2.43165,0.778836
2.50396,0.760654
2.58095,0.741005
2.66068,0.720326
2.74524,0.698004
2.83344,0.674278
2.92688,0.648629
3.02487,0.621131
3.12871,0.5913
3.23812,0.559065
3.35421,0.523922
3.47703,0.485646
3.60758,0.443661
3.74618,0.397555
3.89389,0.346688
4.0493,0.292399
4.21459,0.234966
4.39426,0.172907
4.49268,0.139128
4.58126,0.108938
4.58722,0.106924
4.59825,0.103226
4.62367,0.0947724
4.65466,0.0845649
4.68802,0.0736707
4.7229,0.0623793
4.76063,0.0502538
4.79914,0.0379575
4.8383,0.0255068
4.87806,0.0129053
4.9188,0.0
0.770266,1.205
0.776972,1.20323
0.792283,1.1992
0.8078,1.19514
0.823526,1.19104
0.839459,1.18691
0.8556,1.18274
0.871949,1.17853
0.888507,1.17428
0.905273,1.17
0.922248,1.16569
0.939431,1.16134
0.956823,1.15695
0.974421,1.15254
0.992227,1.14808
1.01024,1.14359
1.02788,1.13921
1.04462,1.13507
1.06155,1.13091
1.07829,1.1268
1.09554,1.12259
1.11256,1.11845
1.13027,1.11416
1.14752,1.10999
1.16543,1.10568
1.18341,1.10137
1.2013,1.0971
1.21986,1.09268
1.23803,1.08837
1.2565,1.084
1.27555,1.07951
1.29406,1.07516
1.31291,1.07075
1.33232,1.06621
1.35137,1.06177
1.37037,1.05736
1.38998,1.05281
1.40981,1.04822
1.42869,1.04387
1.44834,1.03934
1.46838,1.03473
1.48813,1.0302
1.50737,1.02579
1.52724,1.02125
1.54738,1.01665
1.56722,1.01212
1.58511,1.00804
1.58986,1.00696
1.59727,1.00526
1.60714,1.00301
1.61846,1.00043
1.6326,0.997203
1.64956,0.993336
1.66919,0.988861
1.69155,0.983765
1.71699,0.977973
1.7461,0.971346
1.77969,0.963694
1.8227,0.953873
1.87937,0.940865
1.9244,0.930471
1.97945,0.917696
2.02896,0.906137
2.08628,0.89266
2.14097,0.879703
2.20191,0.865139
2.26214,0.850606
2.32769,0.834621
2.39392,0.81828
2.46499,0.800517
2.53784,0.78205
2.61542,0.762086
2.69573,0.741073
2.78091,0.718385
2.86973,0.694268
2.9638,0.668191
3.06243,0.640235
3.16693,0.609906
3.277,0.577134
3.39376,0.541409
3.51724,0.502504
3.64847,0.459839
3.78772,0.413003
3.93619,0.361523
4.09143,0.307108
4.25647,0.249512
4.4358,0.18725
4.53407,0.153328
4.62251,0.122992
4.62861,0.120916
4.63976,0.117147
4.66527,0.108597
4.6963,0.0982836
4.72971,0.087281
4.7646,0.0758846
4.80234,0.0636606
4.84083,0.0512801
4.87998,0.0387634
4.9197,0.0261169
4.96041,0.0131888
5.00198,0.0
0.822735,1.22155
0.828962,1.21993
0.844785,1.21584
0.860817,1.21171
0.877059,1.20755
0.893512,1.20334
0.910175,1.1991
0.927049,1.19483
0.944134,1.19051
0.961429,1.18616
0.978935,1.18178
0.996651,1.17736
1.01458,1.1729
1.03271,1.16841
1.05046,1.16403
1.0673,1.15989
1.08432,1.15572
1.10115,1.15161
1.11851,1.14739
1.13562,1.14325
1.15344,1.13895
1.17079,1.13478
1.18882,1.13046
1.20691,1.12614
1.22491,1.12186
1.24359,1.11743
1.26187,1.1131
1.28046,1.10872
1.29964,1.10421
1.31826,1.09985
1.33723,1.09541
1.35678,1.09086
1.37595,1.0864
1.39508,1.08196
1.41483,1.07739
1.4348,1.07278
1.4538,1.06839
1.47359,1.06384
1.49377,1.0592
1.51367,1.05464
1.53304,1.0502
1.55306,1.04562
1.57334,1.04099
1.59333,1.03642
1.61135,1.03231
1.61615,1.03121
1.62364,1.0295
1.63359,1.02723
1.645,1.02463
1.65925,1.02137
1.67633,1.01747
1.6961,1.01295
1.71863,1.00781
1.74424,1.00197
1.77356,0.995277
1.80742,0.987544
1.85081,0.977607
1.90801,0.964431
1.95341,0.953914
2.00895,0.940971
2.05885,0.929267
2.11667,0.915606
2.17179,0.902475
2.23324,0.887704
2.29395,0.872966
2.36003,0.856746
2.42677,0.840164
2.49841,0.822131
2.57182,0.803382
2.64998,0.783106
2.73089,0.761763
2.81669,0.738714
2.90614,0.714212
3.00086,0.687715
3.10016,0.659309
3.20534,0.62849
3.3161,0.595191
3.43356,0.558895
3.55775,0.519376
3.68968,0.476048
3.82965,0.428502
3.9787,0.376478
4.13374,0.321937
4.29855,0.264192
4.47757,0.201751
4.57571,0.167698
4.66404,0.137229
4.67026,0.135097
4.68153,0.131259
4.70711,0.122619
4.7382,0.112203
4.77164,0.101094
4.80657,0.0895898
4.84431,0.0772609
4.8828,0.0647853
4.92194,0.0521875
4.96164,0.0394777
5.00232,0.0265063
5.04385,0.0132956
5.08569,0.0
0.875708,1.23818
0.882272,1.2365
0.898614,1.23234
0.915169,1.22813
0.931937,1.2239
0.948918,1.21962
0.966111,1.21531
0.983518,1.21096
1.00114,1.20657
1.01897,1.20215
1.03701,1.19768
1.05526,1.19319
1.07313,1.1888
1.09006,1.18466
1.10718,1.18049
1.1241,1.17638
1.14156,1.17215
1.15877,1.168
1.1767,1.1637
1.19415,1.15952
1.21228,1.15519
1.23049,1.15086
1.24859,1.14656
1.26739,1.14212
1.28579,1.13778
1.30449,1.13338
1.3238,1.12886
1.34254,1.12447
1.36163,1.12002
1.38131,1.11544
1.40061,1.11096
1.41986,1.1065
1.43975,1.1019
1.45985,1.09726
1.47898,1.09286
1.49891,1.08827
1.51924,1.08361
1.53927,1.07901
1.55878,1.07454
1.57894,1.06993
1.59937,1.06526
1.61951,1.06065
1.63765,1.05651
1.64251,1.0554
1.65007,1.05367
1.66011,1.05138
1.6716,1.04875
1.68596,1.04547
1.70317,1.04153
1.72308,1.03698
1.74576,1.03179
1.77156,1.02589
1.80109,1.01914
1.83521,1.01132
1.87898,1.00127
1.93672,0.987923
1.98247,0.977283
2.03851,0.964172
2.0888,0.952322
2.14711,0.938477
2.20267,0.925174
2.26464,0.910198
2.32582,0.895255
2.39244,0.878801
2.4597,0.86198
2.5319,0.84368
2.60588,0.824651
2.68464,0.804067
2.76615,0.782398
2.85258,0.758992
2.94267,0.73411
3.03806,0.7072
3.13804,0.67835
3.24392,0.64705
3.35539,0.613234
3.47358,0.576378
3.59851,0.536258
3.7312,0.492282
3.87193,0.444044
4.02139,0.391551
4.17623,0.336882
4.34081,0.278996
4.51955,0.216389
4.61757,0.182219
4.70579,0.151628
4.71212,0.149443
4.72351,0.145543
4.74916,0.136817
4.7803,0.126304
4.81379,0.115091
4.84875,0.10348
4.88651,0.0910436
4.925,0.0784658
4.96413,0.0657761
5.00381,0.0529884
5.04447,0.0399558
5.08598,0.0267033
5.12778,0.0133868
5.16984,0.0
0.929167,1.25486
0.936918,1.2529
0.953789,1.24867
0.970875,1.24439
0.988177,1.24007
1.00569,1.23572
1.02342,1.23133
1.04137,1.2269
1.05953,1.22243
1.0779,1.21793
1.09588,1.21354
1.1129,1.20939
1.13011,1.20522
1.14713,1.2011
1.16469,1.19687
1.18199,1.19272
1.20003,1.1884
1.21758,1.18421
1.23582,1.17987
1.25414,1.17553
1.27235,1.17122
1.29127,1.16676
1.30978,1.16241
1.3286,1.15799
1.34803,1.15345
1.36688,1.14905
1.3861,1.14457
1.40591,1.13997
1.42534,1.13547
1.44471,1.13098
1.46474,1.12636
1.48498,1.12169
1.50423,1.11726
1.52429,1.11265
1.54476,1.10795
1.56494,1.10332
1.58458,1.09882
1.60488,1.09417
1.62547,1.08946
1.64575,1.08482
1.66402,1.08064
1.66893,1.07952
1.67656,1.07778
1.68669,1.07546
1.69826,1.07281
1.71273,1.06949
1.73006,1.06552
1.75012,1.06093
1.77296,1.0557
1.79893,1.04974
1.82868,1.04292
1.86306,1.03503
1.90721,1.02486
1.96549,1.01134
2.0116,1.00058
2.06812,0.987301
2.11881,0.975305
2.17762,0.961278
2.23361,0.947802
2.29609,0.932621
2.35776,0.917476
2.42492,0.90079
2.4927,0.883731
2.56547,0.865165
2.64001,0.84586
2.71938,0.824971
2.8015,0.802979
2.88858,0.779221
2.97932,0.753964
3.07539,0.726645
3.17606,0.697359
3.28266,0.665585
3.39487,0.631261
3.51381,0.593855
3.63951,0.553145
3.77299,0.508534
3.91453,0.459621
4.06423,0.406733
4.21887,0.351938
4.38323,0.293915
4.56171,0.231153
4.65962,0.196874
4.74773,0.166171
4.75418,0.163938
4.76567,0.159979
4.79138,0.151175
4.82257,0.140571
4.8561,0.129258
4.8911,0.117544
4.92888,0.104999
4.96739,0.0923155
5.00652,0.0795265
5.04619,0.0666499
5.08684,0.0535418
5.12832,0.0402303
5.1701,0.0268737
5.21212,0.0134669
5.25437,0.0
0.983095,1.27157
0.992918,1.26913
1.01033,1.26481
1.02795,1.26045
1.0458,1.25606
1.06386,1.25162
1.08213,1.24715
1.10062,1.24264
1.11871,1.23824
1.13582,1.23409
1.15312,1.22991
1.17023,1.22579
1.18789,1.22155
1.20529,1.21738
1.22344,1.21305
1.24108,1.20886
1.25944,1.2045
1.27786,1.20015
1.29618,1.19583
1.31522,1.19135
1.33384,1.18698
1.35277,1.18255
1.37233,1.17798
1.3913,1.17356
1.41064,1.16907
1.43058,1.16444
1.45013,1.15991
1.46963,1.15541
1.48979,1.15075
1.51017,1.14606
1.52954,1.1416
1.54974,1.13695
1.57035,1.13222
1.59067,1.12756
1.61044,1.12303
1.63089,1.11835
1.65162,1.1136
1.67205,1.10892
1.69044,1.10471
1.69541,1.10358
1.70311,1.10181
1.71333,1.09947
1.72499,1.0968
1.73956,1.09345
1.75701,1.08945
1.77721,1.08481
1.80021,1.07953
1.82637,1.07353
1.85632,1.06664
1.89097,1.05866
1.9355,1.04837
1.99431,1.03469
2.04078,1.02381
2.09779,1.01036
2.14888,0.99822
2.20818,0.98401
2.26462,0.970362
2.32761,0.954978
2.38976,0.939631
2.45746,0.922714
2.52577,0.905419
2.59912,0.88659
2.67423,0.86701
2.75421,0.845819
2.83694,0.823509
2.92467,0.799402
3.01607,0.773774
3.11284,0.746052
3.21422,0.716335
3.32155,0.684094
3.4345,0.64927
3.55423,0.611323
3.68072,0.570034
3.81503,0.524801
3.95739,0.475229
4.10721,0.422015
4.26166,0.367099
4.4258,0.308944
4.60404,0.246034
4.70184,0.211653
4.78986,0.180846
4.7964,0.178568
4.80798,0.174556
4.83376,0.165679
4.865,0.15499
4.89857,0.143583
4.9336,0.131769
4.97141,0.119118
5.00993,0.106328
5.04907,0.0934358
5.08875,0.0804627
5.12938,0.067268
5.17084,0.0538833
5.2126,0.0404701
5.2546,0.0270248
5.29681,0.0135387
5.33923,0.0
1.03747,1.2883
1.05029,1.28515
1.06824,1.28075
1.08642,1.27631
1.10481,1.27183
1.12342,1.2673
1.14161,1.2629
1.15881,1.25874
1.17621,1.25455
1.19341,1.25043
1.21117,1.24618
1.22867,1.242
1.24692,1.23766
1.26466,1.23346
1.28312,1.22909
1.30165,1.22472
1.32008,1.22038
1.33924,1.21589
1.35796,1.2115
1.37701,1.20705
1.3967,1.20246
1.41578,1.19802
1.43524,1.19351
1.45531,1.18885
1.47499,1.1843
1.49461,1.17977
1.5149,1.17509
1.53542,1.17036
1.55491,1.16588
1.57525,1.1612
1.59601,1.15644
1.61646,1.15174
1.63636,1.14718
1.65695,1.14246
1.67783,1.13768
1.69841,1.13296
1.71693,1.12872
1.72195,1.12757
1.72972,1.12578
1.74003,1.12342
1.75177,1.12072
1.76644,1.11735
1.78403,1.11331
1.80436,1.10863
1.82752,1.10331
1.85386,1.09724
1.88403,1.09029
1.91894,1.08223
1.96384,1.07183
2.02319,1.05798
2.07002,1.04697
2.12752,1.03335
2.179,1.02107
2.2388,1.00668
2.29568,0.992857
2.35918,0.977269
2.42182,0.961721
2.49006,0.944575
2.55891,0.927047
2.63283,0.907956
2.70852,0.888104
2.78911,0.866613
2.87247,0.843987
2.96085,0.819535
3.05293,0.79354
3.1504,0.76542
3.25249,0.735278
3.36057,0.702576
3.4743,0.667259
3.59482,0.62878
3.72213,0.586921
3.85727,0.541079
4.0005,0.490861
4.1503,0.437388
4.30457,0.382356
4.46851,0.324074
4.64651,0.261023
4.74421,0.226546
4.83214,0.195643
4.83877,0.193323
4.85044,0.189262
4.87627,0.180317
4.90756,0.169548
4.94117,0.158054
4.97624,0.146144
5.01407,0.133392
5.05261,0.120497
5.09176,0.1075
5.13145,0.094426
5.17208,0.081137
5.21353,0.0676681
5.25526,0.0541842
5.29724,0.0406844
5.33943,0.0271615
5.38181,0.0136043
5.42437,0.0
1.0923,1.30504
1.10906,1.30096
1.12756,1.29647
1.14629,1.29193
1.16459,1.28752
1.18187,1.28336
1.19937,1.27916
1.21666,1.27502
1.23452,1.27077
1.25211,1.26658
1.27047,1.26223
1.2883,1.25801
1.30688,1.25363
1.32552,1.24924
1.34405,1.24489
1.36332,1.24038
1.38216,1.23597
1.40132,1.2315
1.42113,1.22689
1.44033,1.22243
1.45991,1.21789
1.48011,1.21321
1.49991,1.20864
1.51965,1.20408
1.54008,1.19937
1.56073,1.19461
1.58035,1.1901
1.60082,1.18539
1.62172,1.18059
1.64231,1.17587
1.66234,1.17127
1.68308,1.16651
1.70411,1.16169
1.72482,1.15694
1.74348,1.15266
1.74855,1.15149
1.75639,1.14969
1.76678,1.1473
1.77861,1.14458
1.79339,1.14118
1.81109,1.13711
1.83157,1.13239
1.85489,1.12701
1.88141,1.1209
1.91179,1.11388
1.94696,1.10574
1.99224,1.09521
2.05212,1.0812
2.09931,1.07006
2.1573,1.05628
2.20918,1.04385
2.26947,1.02928
2.32679,1.01529
2.39082,0.999498
2.45394,0.98375
2.52273,0.966377
2.59211,0.948615
2.66661,0.929265
2.74287,0.909143
2.82409,0.887354
2.90807,0.864415
2.99712,0.839622
3.08987,0.813265
3.18805,0.78475
3.29088,0.754188
3.39972,0.721031
3.51422,0.685227
3.63556,0.646224
3.76371,0.603806
3.89972,0.557365
4.04383,0.506515
4.19349,0.452844
4.3476,0.397702
4.51134,0.3393
4.68911,0.276113
4.78672,0.241545
4.87457,0.210551
4.88128,0.208193
4.89303,0.204085
4.91891,0.195078
4.95024,0.184236
4.98389,0.17266
5.01899,0.160661
5.05685,0.147811
5.09542,0.134814
5.13459,0.121714
5.17428,0.108537
5.21491,0.0951491
5.25636,0.0815879
5.29808,0.0680226
5.34004,0.0544547
5.3822,0.0408792
5.42456,0.0272865
5.46709,0.0136645
5.50979,0.0
1.14755,1.32176
1.15039,1.32107
1.16923,1.31653
1.18763,1.3121
1.20501,1.30793
1.2226,1.30372
1.23998,1.29958
1.25794,1.29531
1.27562,1.29112
1.29408,1.28675
1.31202,1.28252
1.3307,1.27812
1.34944,1.27372
1.36808,1.26935
1.38747,1.26481
1.40642,1.26039
1.42569,1.2559
1.44563,1.25127
1.46494,1.24679
1.48464,1.24222
1.50497,1.23752
1.52489,1.23292
1.54475,1.22833
1.56531,1.2236
1.5861,1.21881
1.60584,1.21427
1.62645,1.20953
1.64749,1.20469
1.66822,1.19993
1.68838,1.1953
1.70926,1.19051
1.73044,1.18565
1.7513,1.18085
1.77008,1.17654
1.7752,1.17536
1.78312,1.17354
1.79359,1.17113
1.80551,1.16838
1.82039,1.16495
1.83822,1.16084
1.85884,1.15608
1.88231,1.15066
1.90901,1.14449
1.9396,1.1374
1.97504,1.12918
2.0207,1.11854
2.0811,1.10435
2.12866,1.09309
2.18714,1.07915
2.23941,1.06657
2.3002,1.05182
2.35797,1.03766
2.42251,1.02167
2.48612,1.00572
2.55545,0.988119
2.62536,0.970127
2.70045,0.950518
2.7773,0.930129
2.85914,0.908045
2.94375,0.884795
3.03347,0.859663
3.12691,0.832947
3.22581,0.804043
3.32937,0.773065
3.43898,0.739459
3.55428,0.703175
3.67645,0.663654
3.80544,0.620685
3.94234,0.573655
4.0874,0.522218
4.23692,0.468429
4.39089,0.413191
4.55446,0.354678
4.73202,0.291364
4.82954,0.256709
4.91732,0.22563
4.9241,0.223235
4.93592,0.219084
4.96186,0.210018
4.99322,0.199108
5.02691,0.187456
5.06205,0.175373
5.09993,0.162431
5.13852,0.149337
5.17771,0.136135
5.21742,0.122856
5.25806,0.109366
5.2995,0.0957077
5.34122,0.0820527
5.38316,0.0684057
5.42531,0.0547643
5.46765,0.0411208
5.51016,0.0274645
5.55282,0.0137829
5.59583,0.0
1.20322,1.33845
1.21075,1.33664
1.22821,1.33246
1.2459,1.32825
1.26336,1.32409
1.28142,1.31981
1.2992,1.31561
1.31776,1.31122
1.33579,1.30698
1.35458,1.30256
1.37343,1.29814
1.39218,1.29376
1.41168,1.28921
1.43074,1.28477
1.45013,1.28025
1.47019,1.2756
1.48961,1.27109
1.50943,1.2665
1.52989,1.26177
1.54993,1.25715
1.56992,1.25253
1.59061,1.24777
1.61154,1.24295
1.6314,1.23838
1.65214,1.23361
1.67332,1.22874
1.69419,1.22394
1.71448,1.21928
1.7355,1.21445
1.75682,1.20954
1.77783,1.20471
1.79674,1.20036
1.80191,1.19917
1.8099,1.19733
1.82046,1.1949
1.83246,1.19213
1.84744,1.18867
1.8654,1.18452
1.88616,1.17972
1.90979,1.17425
1.93667,1.16802
1.96747,1.16087
2.00317,1.15256
2.0492,1.1418
2.11014,1.12745
2.15806,1.11607
2.21703,1.10195
2.2697,1.08923
2.33098,1.0743
2.38919,1.05997
2.45425,1.04378
2.51835,1.02763
2.58823,1.00981
2.65868,0.991583
2.73435,0.971718
2.81179,0.951062
2.89425,0.928686
2.97951,0.905129
3.0699,0.879661
3.16402,0.852589
3.26365,0.823299
3.36795,0.791909
3.47835,0.757859
3.59446,0.721101
3.71746,0.68107
3.84732,0.637558
3.98511,0.589949
4.13115,0.537986
4.2806,0.484135
4.43445,0.428816
4.59788,0.370206
4.77525,0.306776
4.87269,0.272041
4.9604,0.240881
4.96726,0.238453
4.97914,0.234261
5.00512,0.225141
5.03653,0.214167
5.07024,0.202443
5.10542,0.190282
5.14333,0.177253
5.18194,0.164066
5.22115,0.150767
5.26088,0.137387
5.30153,0.123796
5.34298,0.110037
5.38469,0.0962865
5.42663,0.0825521
5.46877,0.0688339
5.51109,0.0551265
5.55358,0.0414211
5.59622,0.0277063
5.6392,0.0139068
5.68254,0.0
1.25928,1.3551
1.26926,1.35273
1.28681,1.34857
1.30497,1.34427
1.32284,1.34005
1.34151,1.33565
1.35963,1.33139
1.37853,1.32696
1.39749,1.32253
1.41634,1.31812
1.43596,1.31355
1.45512,1.30909
1.47462,1.30456
1.4948,1.29987
1.51434,1.29535
1.53428,1.29073
1.55486,1.28598
1.57503,1.28132
1.59514,1.27668
1.61596,1.27188
1.63702,1.26703
1.657,1.26243
1.67788,1.25763
1.6992,1.25272
1.72021,1.24789
1.74063,1.24319
1.76179,1.23833
1.78326,1.23338
1.80441,1.22851
1.82345,1.22413
1.82867,1.22292
1.83673,1.22107
1.84738,1.21861
1.85946,1.21581
1.87455,1.21232
1.89263,1.20814
1.91353,1.20329
1.93732,1.19778
1.96438,1.19149
1.99539,1.18428
2.03135,1.17589
2.07776,1.16501
2.13923,1.15048
2.1875,1.13898
2.24696,1.1247
2.30004,1.11183
2.36182,1.09672
2.42047,1.08222
2.48604,1.06583
2.55063,1.04949
2.62106,1.03144
2.69205,1.01299
2.76831,0.992866
2.84633,0.971946
2.92943,0.949279
3.01532,0.925416
3.1064,0.899615
3.20122,0.87219
3.30157,0.842518
3.40663,0.810722
3.51782,0.776232
3.63474,0.739005
3.75859,0.69847
3.88934,0.654422
4.02803,0.606243
4.17493,0.553792
4.32428,0.499877
4.47803,0.444485
4.64133,0.385787
4.81854,0.322254
4.91591,0.287445
5.00355,0.25621
5.01048,0.25375
5.02243,0.24952
5.04845,0.240349
5.07988,0.229316
5.11364,0.217526
5.14884,0.205292
5.18677,0.192182
5.22541,0.178908
5.26464,0.165516
5.30439,0.152039
5.34506,0.138347
5.38651,0.124488
5.42823,0.110639
5.47017,0.0968118
5.5123,0.0830086
5.55461,0.0692268
5.59708,0.0554596
5.6397,0.0416973
5.68266,0.0278657
5.72597,0.0139428
5.76938,0.0
1.3157,1.37173
1.32858,1.36869
1.34654,1.36445
1.36531,1.36004
1.38353,1.35577
1.40253,1.35132
1.4216,1.34686
1.44055,1.34244
1.46029,1.33784
1.47956,1.33336
1.49918,1.32881
1.51948,1.3241
1.53913,1.31955
1.55918,1.31491
1.5799,1.31013
1.60018,1.30544
1.62041,1.30078
1.64137,1.29595
1.66257,1.29106
1.68267,1.28643
1.70368,1.2816
1.72514,1.27666
1.74628,1.27179
1.76684,1.26706
1.78814,1.26215
1.80976,1.25717
1.83105,1.25226
1.85021,1.24784
1.85549,1.24662
1.86362,1.24474
1.87435,1.24226
1.88651,1.23944
1.90171,1.23592
1.91991,1.2317
1.94095,1.22682
1.9649,1.22125
1.99214,1.21491
2.02337,1.20763
2.05958,1.19915
2.10637,1.18816
2.16837,1.17346
2.217,1.16183
2.27695,1.14739
2.33042,1.13438
2.3927,1.11908
2.45179,1.10442
2.51789,1.08783
2.58297,1.07129
2.65395,1.05302
2.72548,1.03434
2.80233,1.01396
2.88094,0.99278
2.96467,0.969824
3.05121,0.945658
3.14297,0.919527
3.23848,0.891753
3.33958,0.861701
3.4454,0.829502
3.55738,0.794577
3.67512,0.756887
3.79984,0.715855
3.93147,0.671278
4.07109,0.622537
4.21874,0.569637
4.36799,0.515656
4.52164,0.460194
4.68482,0.401416
4.86187,0.337788
4.95918,0.302912
5.04676,0.271608
5.05375,0.269118
5.06576,0.264853
5.09182,0.255634
5.12329,0.244546
5.15707,0.232695
5.1923,0.220393
5.23025,0.207207
5.26892,0.193851
5.30817,0.180371
5.34794,0.166801
5.38862,0.153012
5.43009,0.139054
5.47181,0.125106
5.51375,0.111183
5.55588,0.0972891
5.59818,0.0834247
5.64063,0.0695853
5.68324,0.0557632
5.72618,0.0418855
5.76947,0.0279314
5.81286,0.0139731
5.85631,0.0
1.37247,1.38831
1.38918,1.38438
1.4075,1.38009
1.4266,1.37563
1.44577,1.37115
1.46483,1.36671
1.48468,1.36209
1.50406,1.35759
1.52379,1.35301
1.54421,1.34828
1.56397,1.34371
1.58415,1.33904
1.60499,1.33423
1.62539,1.32952
1.64574,1.32482
1.66683,1.31996
1.68817,1.31505
1.70839,1.31039
1.72953,1.30552
1.75113,1.30054
1.77241,1.29563
1.7931,1.29087
1.81454,1.28592
1.8363,1.2809
1.85774,1.27595
1.87703,1.2715
1.88236,1.27026
1.89055,1.26837
1.90137,1.26586
1.91362,1.26302
1.92892,1.25947
1.94725,1.25521
1.96843,1.25028
1.99253,1.24467
2.01995,1.23827
2.05139,1.23092
2.08787,1.22237
2.13503,1.21125
2.19756,1.19638
2.24655,1.18463
2.30699,1.17002
2.36085,1.15687
2.42363,1.1414
2.48317,1.12656
2.54978,1.10977
2.61536,1.09304
2.68689,1.07454
2.75896,1.05564
2.8364,1.03501
2.91561,1.01357
2.99997,0.990324
3.08715,0.965857
3.1796,0.939398
3.27582,0.911277
3.37766,0.880849
3.48424,0.848251
3.59703,0.812895
3.7156,0.774746
3.84118,0.733222
3.97371,0.688124
4.11425,0.63883
4.26257,0.585521
4.41173,0.531473
4.56527,0.475942
4.72833,0.417088
4.90524,0.353372
5.00249,0.318434
5.09002,0.287067
5.09707,0.284549
5.10913,0.280251
5.13523,0.270988
5.16672,0.259849
5.20053,0.24794
5.23578,0.235575
5.27376,0.222319
5.31245,0.208886
5.35172,0.195323
5.39151,0.181666
5.43221,0.167784
5.47369,0.153728
5.51542,0.139683
5.55737,0.125663
5.5995,0.111675
5.64179,0.0977223
5.68424,0.0838025
5.72683,0.0699103
5.76975,0.0559745
5.81303,0.0419756
5.85639,0.0279872
5.89981,0.013999
5.9433,0.0
1.4296,1.40483
1.43152,1.40438
1.45072,1.39989
1.47,1.3954
1.48916,1.39094
1.50913,1.3863
1.52861,1.38177
1.54845,1.37717
1.569,1.37242
1.58887,1.36782
1.60916,1.36313
1.63013,1.35828
1.65066,1.35354
1.67113,1.34882
1.69235,1.34393
1.71382,1.33898
1.73416,1.33429
1.75544,1.32938
1.77718,1.32437
1.79859,1.31943
1.81941,1.31463
1.84099,1.30964
1.8629,1.30458
1.88448,1.29959
1.90389,1.2951
1.90927,1.29385
1.91754,1.29194
1.92844,1.28941
1.94078,1.28654
1.95618,1.28296
1.97463,1.27866
1.99595,1.27369
2.02021,1.26803
2.04781,1.26158
2.07946,1.25416
2.1162,1.24552
2.16374,1.23429
2.22679,1.21925
2.27615,1.20738
2.33707,1.1926
2.39134,1.17931
2.45461,1.16365
2.51459,1.14865
2.58173,1.13166
2.64779,1.11474
2.71988,1.09602
2.79249,1.07689
2.87052,1.05601
2.95032,1.03431
3.03533,1.01078
3.12316,0.986013
3.21629,0.959229
3.31322,0.930763
3.4158,0.899963
3.52316,0.866968
3.63675,0.831186
3.75616,0.792583
3.88262,0.750573
4.01605,0.704959
4.15753,0.65512
4.30643,0.601441
4.45548,0.547328
4.60892,0.491729
4.77187,0.432801
4.94865,0.369002
5.04583,0.334006
5.13332,0.302581
5.14042,0.300037
5.15253,0.295708
5.17866,0.286405
5.21018,0.275217
5.24401,0.263256
5.27929,0.250832
5.31729,0.23751
5.356,0.224005
5.39529,0.210366
5.4351,0.196625
5.47581,0.182655
5.51731,0.168506
5.55905,0.154365
5.601,0.140248
5.64314,0.126165
5.68543,0.112121
5.72788,0.0981147
5.77046,0.0841443
5.81337,0.0701402
5.85663,0.0560848
5.89996,0.0420529
5.94337,0.0280357
5.98683,0.014022
6.03034,0.0
1.48707,1.42128
1.49429,1.4196
1.51355,1.41512
1.53363,1.41046
1.55322,1.40591
1.57317,1.40129
1.59384,1.3965
1.61382,1.39188
1.63423,1.38716
1.65533,1.38229
1.67598,1.37752
1.69657,1.37277
1.71792,1.36784
1.73952,1.36286
1.75998,1.35814
1.78139,1.3532
1.80327,1.34815
1.82483,1.34317
1.84577,1.33833
1.86749,1.33331
1.88955,1.32821
1.91127,1.32318
1.93081,1.31865
1.93624,1.31739
1.94458,1.31545
1.95556,1.3129
1.96798,1.31001
1.98349,1.3064
2.00206,1.30207
2.02352,1.29705
2.04794,1.29134
2.07572,1.28483
2.10758,1.27735
2.14458,1.26863
2.19249,1.25727
2.25607,1.24207
2.30579,1.23007
2.3672,1.21513
2.42186,1.20169
2.48563,1.18586
2.54606,1.17069
2.61372,1.15351
2.68028,1.13638
2.75292,1.11745
2.82607,1.09809
2.9047,1.07697
2.98509,1.055
3.07074,1.03119
3.15922,1.00613
3.25305,0.97902
3.35068,0.950213
3.45402,0.919043
3.56215,0.885656
3.67656,0.84945
3.79681,0.810398
3.92414,0.767906
4.05848,0.721784
4.2009,0.671406
4.35029,0.617395
4.49925,0.563218
4.65259,0.507553
4.81542,0.448554
4.99207,0.384675
5.08921,0.349624
5.17665,0.318144
5.18379,0.315577
5.19596,0.31122
5.22212,0.301878
5.25366,0.290646
5.28752,0.278635
5.32282,0.266157
5.36084,0.252774
5.39956,0.239203
5.43888,0.225491
5.4787,0.211672
5.51943,0.197619
5.56094,0.183381
5.6027,0.169148
5.64466,0.154936
5.6868,0.140758
5.72909,0.12662
5.77154,0.112524
5.81412,0.0984695
5.85702,0.0843891
5.90026,0.0702671
5.94358,0.0561804
5.98697,0.0421211
6.03041,0.0280792
6.0739,0.014043
6.11743,0.0
1.5449,1.43766
1.55819,1.43457
1.57788,1.43
1.59795,1.42535
1.61873,1.42054
1.63883,1.41589
1.65936,1.41115
1.68058,1.40625
1.70135,1.40145
1.72206,1.39667
1.74354,1.39171
1.76527,1.38669
1.78586,1.38194
1.8074,1.37697
1.82942,1.37188
1.85111,1.36687
1.87218,1.36199
1.89404,1.35693
1.91624,1.35179
1.93811,1.34672
1.95777,1.34215
1.96326,1.34088
1.97166,1.33892
1.98274,1.33634
1.99524,1.33343
2.01085,1.32979
2.02954,1.32542
2.05114,1.32036
2.07571,1.3146
2.10367,1.30804
2.13575,1.30048
2.17301,1.29168
2.22129,1.28021
2.2854,1.26484
2.33547,1.25272
2.39737,1.2376
2.45244,1.22403
2.5167,1.20802
2.57757,1.19268
2.64575,1.1753
2.71281,1.15798
2.786,1.13883
2.8597,1.11925
2.93892,1.09787
3.01991,1.07565
3.1062,1.05156
3.19534,1.0262
3.28986,0.998773
3.38821,0.969626
3.49229,0.938089
3.6012,0.904313
3.71643,0.867688
3.83752,0.828191
3.96575,0.785223
4.10099,0.738597
4.24437,0.687688
4.39417,0.63338
4.54304,0.579142
4.69628,0.523413
4.85901,0.464344
5.03553,0.400389
5.13261,0.365286
5.22001,0.333754
5.2272,0.331164
5.23941,0.326781
5.26559,0.317404
5.29716,0.306131
5.33104,0.294074
5.36636,0.281545
5.4044,0.268105
5.44314,0.254472
5.48247,0.240693
5.52231,0.226802
5.56306,0.212669
5.60458,0.198348
5.64635,0.184026
5.68832,0.169723
5.73047,0.155451
5.77277,0.141219
5.81522,0.127031
5.8578,0.112889
5.90069,0.0987263
5.94392,0.0845297
5.98723,0.0703783
6.0306,0.0562656
6.07402,0.0421829
6.11749,0.0281193
6.161,0.0140626
6.20455,0.0
1.60307,1.45394
1.62277,1.44938
1.64368,1.44454
1.66389,1.43987
1.68453,1.43509
1.70588,1.43016
1.72677,1.42533
1.7476,1.42052
1.76921,1.41553
1.79108,1.41048
1.81178,1.4057
1.83345,1.40069
1.85562,1.39556
1.87744,1.39051
1.89864,1.3856
1.92064,1.38051
1.94299,1.37532
1.965,1.37021
1.98479,1.36561
1.99032,1.36432
1.9988,1.36234
2.00995,1.35974
2.02254,1.3568
2.03825,1.35313
2.05707,1.34872
2.07881,1.34362
2.10354,1.33781
2.13168,1.33119
2.16396,1.32357
2.20148,1.31468
2.25014,1.30309
2.31477,1.28755
2.36521,1.27531
2.42759,1.26003
2.48305,1.24631
2.54781,1.23012
2.60913,1.21462
2.67783,1.19705
2.74538,1.17954
2.81913,1.16016
2.89338,1.14036
2.97319,1.11874
3.05478,1.09626
3.14171,1.07189
3.2315,1.04624
3.32672,1.01849
3.42579,0.989005
3.53063,0.957103
3.64032,0.92294
3.75636,0.8859
3.87831,0.845961
4.00742,0.802522
4.14359,0.755398
4.28791,0.703966
4.43805,0.649394
4.58684,0.595098
4.73999,0.539307
4.90261,0.480171
5.07901,0.416141
5.17604,0.380989
5.26339,0.349408
5.27063,0.346797
5.28288,0.342389
5.30909,0.332979
5.34068,0.321668
5.37458,0.309568
5.40992,0.296992
5.44797,0.283499
5.48673,0.269809
5.52608,0.255967
5.56593,0.242007
5.6067,0.227801
5.64823,0.213401
5.69001,0.198995
5.732,0.184603
5.77415,0.170241
5.81646,0.155917
5.85891,0.141637
5.90149,0.127404
5.94438,0.113155
5.98761,0.0988779
6.03091,0.0846538
6.07426,0.0704782
6.11767,0.0563437
6.16112,0.0422404
6.20461,0.0281571
6.24814,0.0140812
6.29171,0.0
1.66159,1.47013
1.66868,1.46849
1.689,1.46379
1.70976,1.45899
1.73123,1.45403
1.75224,1.44917
1.77319,1.44433
1.79493,1.43931
1.81693,1.43422
1.83775,1.42941
1.85956,1.42436
1.88186,1.4192
1.90382,1.41411
1.92515,1.40917
1.94729,1.40403
1.96978,1.3988
1.99193,1.39365
2.01185,1.38901
2.01743,1.38771
2.02598,1.38572
2.03722,1.38309
2.04989,1.38012
2.0657,1.37642
2.08464,1.37197
2.10652,1.36683
2.13141,1.36098
2.15972,1.3543
2.19222,1.34661
2.23,1.33764
2.27903,1.32593
2.34419,1.31022
2.39498,1.29786
2.45785,1.28241
2.51372,1.26855
2.57897,1.25218
2.64074,1.23652
2.70996,1.21875
2.778,1.20105
2.8523,1.18145
2.9271,1.16143
3.00751,1.13956
3.0897,1.11683
3.17727,1.09218
3.26772,1.06623
3.36363,1.03817
3.46342,1.00835
3.56902,0.976085
3.67949,0.941539
3.79636,0.904086
3.91916,0.86371
4.04916,0.819803
4.18625,0.772188
4.33152,0.720238
4.48194,0.665435
4.63064,0.611083
4.78371,0.555232
4.94622,0.496032
5.12251,0.43193
5.2195,0.39673
5.30681,0.365102
5.31408,0.362472
5.32637,0.358041
5.3526,0.3486
5.38421,0.337253
5.41813,0.325113
5.45349,0.312494
5.49156,0.298952
5.53033,0.285208
5.56969,0.271307
5.60956,0.257284
5.65034,0.243009
5.69189,0.228534
5.73368,0.214049
5.77568,0.199574
5.81784,0.185124
5.86016,0.17071
5.90262,0.156339
5.9452,0.142015
5.98809,0.127677
6.03132,0.113315
6.07461,0.0990126
6.11795,0.0847662
6.16134,0.0705703
6.20478,0.0564167
6.24825,0.0422948
6.29176,0.028193
6.33531,0.0140989
6.37889,0.0
1.72045,1.48622
1.73503,1.48285
1.75663,1.47785
1.77776,1.47297
1.79883,1.4681
1.8207,1.46304
1.84283,1.45792
1.86377,1.45307
1.88571,1.44799
1.90815,1.44279
1.93024,1.43767
1.9517,1.43269
1.97398,1.42751
1.99662,1.42224
2.01891,1.41705
2.03895,1.41237
2.04459,1.41105
2.0532,1.40904
2.06453,1.40639
2.07728,1.4034
2.0932,1.39966
2.11226,1.39518
2.13428,1.39
2.15932,1.38409
2.18782,1.37735
2.22052,1.3696
2.25856,1.36055
2.30796,1.34872
2.37365,1.33284
2.4248,1.32035
2.48816,1.30474
2.54442,1.29074
2.61017,1.2742
2.67238,1.25837
2.74212,1.2404
2.81066,1.22251
2.88552,1.20269
2.96086,1.18245
3.04187,1.16034
3.12466,1.13736
3.21288,1.11243
3.30398,1.08619
3.4006,1.05781
3.5011,1.02766
3.60747,0.995036
3.71872,0.960108
3.83642,0.922247
3.96008,0.881437
4.09097,0.837068
4.22898,0.788965
4.37521,0.736504
4.52582,0.6815
4.67446,0.627095
4.82743,0.571188
4.98986,0.511925
5.16603,0.447754
5.26297,0.412508
5.35024,0.380836
5.35756,0.378186
5.36988,0.373733
5.39613,0.364263
5.42776,0.352883
5.46169,0.340706
5.49707,0.328046
5.53515,0.314458
5.57394,0.300664
5.61331,0.28671
5.6532,0.272628
5.69399,0.258288
5.73555,0.243743
5.77736,0.229184
5.81936,0.214629
5.86154,0.200096
5.90387,0.185595
5.94634,0.171134
5.98892,0.156721
6.03182,0.142293
6.07504,0.127844
6.11832,0.113458
6.16166,0.099135
6.20504,0.08487
6.24846,0.0706567
6.29192,0.0564857
6.33541,0.0423465
6.37894,0.0282272
6.4225,0.0141157
6.4661,0.0
1.77966,1.50219
1.78208,1.50164
1.80332,1.49672
1.82451,1.49182
1.84651,1.48673
1.86878,1.48157
1.88984,1.47669
1.91191,1.47158
1.93449,1.46634
1.95672,1.46118
1.9783,1.45616
2.00072,1.45094
2.0235,1.44563
2.04594,1.4404
2.0661,1.43568
2.07179,1.43435
2.08047,1.43232
2.09188,1.42964
2.10472,1.42663
2.12074,1.42286
2.13992,1.41834
2.16208,1.41312
2.18728,1.40716
2.21595,1.40037
2.24887,1.39255
2.28717,1.38341
2.33694,1.37146
2.40315,1.35541
2.45466,1.34281
2.5185,1.32703
2.57516,1.31289
2.64141,1.29617
2.70407,1.28017
2.77433,1.26201
2.84337,1.24393
2.91878,1.2239
2.99467,1.20343
3.07627,1.18108
3.15966,1.15784
3.24853,1.13264
3.34029,1.10611
3.43761,1.07742
3.53884,1.04694
3.64596,1.01396
3.75801,0.97865
3.87653,0.940382
4.00104,0.899143
4.13284,0.854315
4.27177,0.805731
4.41895,0.752764
4.56971,0.697588
4.71827,0.643132
4.87117,0.58717
5.0335,0.527848
5.20957,0.463612
5.30646,0.428321
5.3937,0.396606
5.40105,0.393938
5.4134,0.389465
5.43968,0.379967
5.47132,0.368555
5.50527,0.356344
5.54066,0.343645
5.57875,0.330015
5.61755,0.316175
5.65694,0.302169
5.69684,0.288033
5.73765,0.273633
5.77922,0.259023
5.82103,0.244393
5.86305,0.229764
5.90524,0.215151
5.94758,0.200567
5.99006,0.18602
6.03265,0.171519
6.07555,0.157002
6.11877,0.142465
6.16205,0.127993
6.20539,0.113589
6.24876,0.0992484
6.29217,0.0849676
6.33562,0.0707384
6.37909,0.0565514
6.42261,0.0423956
6.46615,0.0282597
6.50973,0.0141317
6.55333,0.0
1.83922,1.51805
1.85025,1.5155
1.87237,1.51037
1.89478,1.50518
1.91595,1.50027
1.93815,1.49512
1.96087,1.48984
1.98323,1.48464
2.00495,1.47959
2.0275,1.47433
2.05043,1.46898
2.07301,1.4637
2.0933,1.45895
2.09903,1.45761
2.10779,1.45556
2.11928,1.45286
2.1322,1.44982
2.14832,1.44602
2.16763,1.44146
2.18992,1.43619
2.21528,1.43019
2.24413,1.42334
2.27726,1.41545
2.31582,1.40623
2.36596,1.39416
2.4327,1.37794
2.48456,1.36521
2.54889,1.34927
2.60595,1.33499
2.67269,1.31809
2.7358,1.30193
2.80658,1.28358
2.87611,1.2653
2.95208,1.24506
3.02851,1.22438
3.11072,1.20178
3.19471,1.17829
3.28422,1.15281
3.37665,1.126
3.47467,1.09699
3.57661,1.06618
3.6845,1.03285
3.79734,0.997165
3.91669,0.958493
4.04206,0.916828
4.17475,0.871546
4.31461,0.822484
4.46275,0.769018
4.6136,0.713697
4.76209,0.659193
4.91491,0.603179
5.07715,0.5438
5.25312,0.4795
5.34997,0.444167
5.43717,0.41241
5.44455,0.409725
5.45694,0.405232
5.48324,0.395708
5.5149,0.384267
5.54886,0.372023
5.58426,0.359288
5.62237,0.345618
5.66118,0.331735
5.70058,0.317683
5.74049,0.303495
5.78131,0.28904
5.82289,0.274369
5.86472,0.259673
5.90675,0.244974
5.94895,0.230286
5.9913,0.215622
6.03378,0.200993
6.07638,0.186406
6.11928,0.171802
6.16251,0.157176
6.20579,0.142618
6.24912,0.128129
6.29249,0.113709
6.3359,0.0993549
6.37933,0.0850599
6.4228,0.0708161
6.46629,0.0566137
6.50982,0.0424422
6.55338,0.0282904
6.59697,0.0141468
6.64058,0.0
1.89913,1.53378
1.92082,1.52875
1.94211,1.5238
1.96444,1.51862
1.9873,1.5133
2.00979,1.50806
2.03163,1.50297
2.05433,1.49768
2.0774,1.49228
2.10012,1.48697
2.12054,1.48218
2.12632,1.48082
2.13514,1.47875
2.14672,1.47602
2.15972,1.47296
2.17595,1.46913
2.19538,1.46454
2.21781,1.45922
2.24332,1.45317
2.27236,1.44626
2.3057,1.4383
2.34451,1.429
2.39502,1.41682
2.46228,1.40043
2.51451,1.38758
2.57932,1.37147
2.63678,1.35705
2.70401,1.33997
2.76756,1.32365
2.83887,1.3051
2.90889,1.28664
2.98541,1.26618
3.0624,1.24528
3.1452,1.22244
3.2298,1.1987
3.31996,1.17295
3.41304,1.14585
3.51176,1.11653
3.61444,1.08539
3.72309,1.05171
3.83672,1.01565
3.9569,0.97658
4.08314,0.934491
4.21672,0.888759
4.35751,0.839226
4.5066,0.785266
4.65748,0.729824
4.8059,0.675274
4.95865,0.619211
5.12081,0.559778
5.29668,0.495417
5.39349,0.460043
5.48066,0.428247
5.48807,0.425546
5.50049,0.421033
5.5268,0.411485
5.55848,0.400015
5.59245,0.38774
5.62787,0.374972
5.66599,0.361265
5.70481,0.347341
5.74422,0.333245
5.78415,0.31901
5.82497,0.304502
5.86656,0.289775
5.9084,0.275018
5.95044,0.260253
5.99265,0.245495
6.03501,0.230756
6.0775,0.216048
6.12012,0.201378
6.16302,0.186689
6.20625,0.171977
6.24954,0.157332
6.29287,0.142757
6.33624,0.128255
6.37964,0.113822
6.42306,0.0994556
6.46652,0.0851474
6.51,0.0708896
6.55351,0.0566726
6.59706,0.0424862
6.64063,0.0283193
6.68422,0.0141609
6.72785,0.0
1.95939,1.54937
1.96831,1.5473
1.99078,1.54207
2.01377,1.53672
2.0364,1.53144
2.05837,1.52632
2.0812,1.52098
2.10442,1.51555
2.12728,1.51019
2.14782,1.50536
2.15365,1.50399
2.16254,1.5019
2.1742,1.49915
2.18729,1.49606
2.20362,1.4922
2.22317,1.48757
2.24574,1.48221
2.27141,1.47611
2.30062,1.46914
2.33417,1.46112
2.37324,1.45173
2.42413,1.43943
2.4919,1.42287
2.54449,1.4099
2.60979,1.39363
2.66764,1.37906
2.73537,1.36182
2.79937,1.34533
2.87119,1.32659
2.94172,1.30794
3.01879,1.28726
3.09633,1.26614
3.17973,1.24306
3.26493,1.21908
3.35574,1.19305
3.44948,1.16567
3.54891,1.13604
3.6523,1.10458
3.76172,1.07054
3.87614,1.03411
3.99716,0.994644
4.12425,0.952135
4.25874,0.905956
4.40045,0.855955
4.55049,0.801507
4.70135,0.745969
4.84971,0.691376
5.00239,0.635265
5.16447,0.57578
5.34025,0.511362
5.43702,0.475949
5.52416,0.444115
5.5316,0.441398
5.54405,0.436867
5.57038,0.427295
5.60207,0.415798
5.63606,0.403494
5.67149,0.390694
5.70961,0.376952
5.74844,0.362991
5.78786,0.348853
5.8278,0.334573
5.86863,0.320018
5.91024,0.305237
5.95208,0.290423
5.99413,0.275596
6.03636,0.260772
6.07873,0.245963
6.12123,0.23118
6.16385,0.216432
6.20676,0.201661
6.25,0.186864
6.29329,0.172133
6.33662,0.157473
6.37999,0.142886
6.42338,0.128373
6.46681,0.113929
6.51025,0.0995506
6.55372,0.08523
6.59722,0.0709589
6.64075,0.0567281
6.68431,0.0425274
6.72789,0.0283464
6.7715,0.0141741
6.81512,0.0
2.01999,1.56483
2.04028,1.5601
2.06305,1.55478
2.08514,1.54962
2.10812,1.54424
2.13148,1.53877
2.15448,1.53336
2.17514,1.5285
2.18103,1.52712
2.18998,1.525
2.20173,1.52223
2.21489,1.51912
2.23133,1.51522
2.251,1.51056
2.27371,1.50516
2.29954,1.499
2.32893,1.49198
2.36268,1.48389
2.40202,1.47442
2.45327,1.462
2.52157,1.44527
2.57451,1.43218
2.64029,1.41575
2.69854,1.40104
2.76677,1.38362
2.83121,1.36696
2.90356,1.34803
2.97458,1.32919
3.05221,1.3083
3.13029,1.28697
3.21429,1.26365
3.30009,1.23941
3.39155,1.21312
3.48596,1.18545
3.58609,1.15552
3.69021,1.12373
3.80039,1.08934
3.9156,1.05255
4.03746,1.01268
4.16541,0.969758
4.3008,0.923137
4.44344,0.872672
4.59443,0.817741
4.74522,0.762131
4.89352,0.707495
5.04613,0.65134
5.20814,0.591805
5.38383,0.527331
5.48057,0.491881
5.56767,0.460011
5.57514,0.457278
5.58761,0.45273
5.61397,0.443136
5.64567,0.431614
5.67967,0.419282
5.71511,0.406452
5.75324,0.392677
5.79208,0.378679
5.83151,0.364504
5.87146,0.350182
5.9123,0.335581
5.95391,0.320751
5.99577,0.305884
6.03783,0.291
6.08006,0.276114
6.12244,0.261238
6.16495,0.246385
6.20758,0.231562
6.2505,0.216712
6.29374,0.201833
6.33704,0.187018
6.38038,0.172274
6.42374,0.157603
6.46714,0.143006
6.51056,0.128483
6.554,0.11403
6.59746,0.0996403
6.64095,0.0853077
6.68447,0.071024
6.72801,0.05678
6.77157,0.042566
6.81516,0.0283716
6.85878,0.0141864
6.90241,0.0
2.08095,1.58014
2.08974,1.57808
2.11196,1.57288
2.13508,1.56747
2.15858,1.56195
2.18172,1.5565
2.20251,1.5516
2.20844,1.5502
2.21747,1.54807
2.2293,1.54527
2.24254,1.54213
2.25908,1.53821
2.27887,1.5335
2.30172,1.52806
2.3277,1.52186
2.35727,1.51478
2.39124,1.50662
2.43083,1.49706
2.48245,1.48453
2.55127,1.46763
2.60457,1.45442
2.67083,1.43782
2.72948,1.42297
2.79821,1.40538
2.86309,1.38856
2.93596,1.36944
3.00747,1.35041
3.08566,1.32931
3.16429,1.30776
3.24889,1.2842
3.3353,1.25972
3.4274,1.23315
3.52247,1.2052
3.6233,1.17496
3.72815,1.14285
3.83911,1.10812
3.95511,1.07096
4.07779,1.0307
4.20661,0.987361
4.3429,0.940301
4.48646,0.889376
4.63844,0.833993
4.78919,0.778348
4.93744,0.723677
5.09,0.667481
5.25194,0.6079
5.42755,0.543374
5.52425,0.507889
5.61132,0.475984
5.61883,0.473237
5.63132,0.468672
5.65769,0.459055
5.68941,0.447509
5.72341,0.43515
5.75886,0.422292
5.79701,0.408485
5.83586,0.394455
5.8753,0.380243
5.91525,0.365882
5.9561,0.351239
5.99772,0.336363
6.03958,0.321446
6.08165,0.306508
6.12389,0.291564
6.16628,0.276626
6.2088,0.261706
6.25144,0.246812
6.29438,0.231887
6.33762,0.21693
6.38093,0.202034
6.42427,0.187206
6.46764,0.172451
6.51103,0.157772
6.55445,0.143167
6.59789,0.128635
6.64135,0.114172
6.68483,0.0997717
6.72834,0.0854277
6.77187,0.071132
6.81542,0.0568756
6.85899,0.042649
6.90259,0.0284421
6.94621,0.0142449
6.98999,0.0
2.14226,1.5953
2.16207,1.59065
2.18572,1.58509
2.209,1.5796
2.22991,1.57466
2.2359,1.57325
2.24499,1.5711
2.2569,1.56827
2.27023,1.56511
2.28687,1.56115
2.30679,1.55641
2.32977,1.55093
2.35591,1.54467
2.38566,1.53754
2.41983,1.52931
2.45968,1.51967
2.51167,1.50701
2.58101,1.48996
2.63467,1.47662
2.70141,1.45986
2.76046,1.44487
2.82968,1.4271
2.89501,1.41012
2.9684,1.3908
3.04041,1.37159
3.11915,1.35027
3.19833,1.32851
3.28352,1.30471
3.37053,1.27998
3.46329,1.25315
3.55902,1.22492
3.66056,1.19437
3.76613,1.16194
3.87785,1.12686
3.99465,1.08934
4.11817,1.0487
4.24785,1.00494
4.38504,0.957449
4.52952,0.906069
4.68245,0.850253
4.83317,0.794581
4.98138,0.739878
5.13389,0.683646
5.29577,0.624024
5.4713,0.55945
5.56797,0.523931
5.65501,0.491993
5.66255,0.489232
5.67507,0.484651
5.70145,0.475014
5.73318,0.463444
5.76719,0.45106
5.80266,0.438174
5.84081,0.424338
5.87966,0.410276
5.91911,0.39603
5.95907,0.381632
5.99993,0.366949
6.04156,0.35203
6.08343,0.337067
6.12551,0.322078
6.16776,0.30708
6.21015,0.292084
6.25268,0.277101
6.29533,0.26214
6.33827,0.247145
6.38153,0.232113
6.42484,0.217138
6.46819,0.20223
6.51156,0.187393
6.55496,0.17263
6.59838,0.157943
6.64182,0.143331
6.68527,0.128791
6.72875,0.114319
6.77225,0.0999084
6.81577,0.0855536
6.85931,0.0712466
6.90287,0.0569785
6.94645,0.0427402
6.99005,0.0285218
7.03382,0.0142663
7.07763,0.0
2.20392,1.6103
2.2129,1.60819
2.23632,1.60266
2.25736,1.59769
2.26339,1.59626
2.27255,1.59409
2.28455,1.59124
2.29796,1.58805
2.3147,1.58406
2.33474,1.57928
2.35786,1.57375
2.38416,1.56745
2.41408,1.56026
2.44847,1.55196
2.48858,1.54224
2.54093,1.52946
2.61079,1.51224
2.6648,1.49878
2.73203,1.48185
2.79148,1.46672
2.86119,1.44878
2.92696,1.43164
3.00087,1.41213
3.07338,1.39273
3.15267,1.37121
3.2324,1.34923
3.3182,1.32519
3.40581,1.30022
3.49921,1.27311
3.59561,1.2446
3.69785,1.21376
3.80415,1.18101
3.91664,1.14559
4.03423,1.1077
4.15858,1.06667
4.28913,1.02251
4.42721,0.974581
4.57262,0.92275
4.72645,0.866518
4.87712,0.810817
5.0253,0.756085
5.17776,0.69982
5.33958,0.640159
5.51504,0.57554
5.61168,0.539991
5.6987,0.508021
5.70626,0.505247
5.7188,0.500651
5.7452,0.490994
5.77694,0.479402
5.81097,0.466994
5.84644,0.454083
5.8846,0.440218
5.92346,0.426125
5.96291,0.411847
6.00288,0.397415
6.04375,0.382695
6.08538,0.367735
6.12726,0.352728
6.16935,0.337693
6.2116,0.322644
6.25401,0.307594
6.29655,0.292552
6.3392,0.277529
6.38215,0.262466
6.42542,0.247363
6.46873,0.232314
6.51209,0.217328
6.55547,0.20241
6.59887,0.187566
6.64229,0.172798
6.68573,0.158104
6.72919,0.143485
6.77266,0.128937
6.81615,0.114456
6.85966,0.100036
6.9032,0.0856715
6.94675,0.0713539
6.99031,0.0570751
7.0339,0.0428259
7.07765,0.0285497
7.12145,0.014273
7.16525,0.0
2.26594,1.62515
2.28485,1.62067
2.29093,1.61923
2.30016,1.61704
2.31223,1.61416
2.32573,1.61095
2.34257,1.60693
2.36273,1.60211
2.38599,1.59654
2.41244,1.59019
2.44254,1.58294
2.47714,1.57457
2.5175,1.56477
2.57023,1.55188
2.6406,1.53448
2.69498,1.5209
2.76268,1.50381
2.82253,1.48854
2.89273,1.47043
2.95895,1.45312
3.03338,1.43343
3.10638,1.41384
3.18623,1.3921
3.26651,1.36991
3.3529,1.34564
3.44112,1.32042
3.53517,1.29305
3.63223,1.26426
3.73518,1.23311
3.8422,1.20004
3.95546,1.16428
4.07384,1.12604
4.19903,1.08462
4.33043,1.04005
4.46942,0.991697
4.61575,0.93942
4.77043,0.88279
4.92106,0.827059
5.06919,0.772298
5.2216,0.716001
5.38337,0.656304
5.55876,0.591644
5.65538,0.556065
5.74237,0.524067
5.74996,0.521281
5.76253,0.51667
5.78894,0.506994
5.82069,0.495381
5.85473,0.48295
5.8902,0.470014
5.92837,0.456122
5.96724,0.442001
6.0067,0.427692
6.04668,0.413228
6.08755,0.398472
6.12919,0.383475
6.17108,0.368427
6.21317,0.353348
6.25543,0.338251
6.29785,0.32315
6.34039,0.308053
6.38306,0.292971
6.42602,0.277846
6.46929,0.262675
6.51261,0.247555
6.55597,0.232495
6.59936,0.2175
6.64277,0.202577
6.68619,0.187728
6.72963,0.172953
6.77309,0.158254
6.81656,0.143628
6.86005,0.129073
6.90355,0.114584
6.94708,0.100155
6.99062,0.085781
7.03418,0.0714537
7.07775,0.0571649
7.12148,0.0428585
7.16527,0.0285616
7.20905,0.0142784
7.25284,0.0
2.32833,1.63982
2.33996,1.63705
2.35353,1.63381
2.37048,1.62976
2.39076,1.6249
2.41416,1.61929
2.44076,1.61289
2.47104,1.60558
2.50585,1.59715
2.54647,1.58726
2.59956,1.57425
2.67045,1.55669
2.72518,1.54299
2.79337,1.52574
2.85361,1.51033
2.92431,1.49204
2.99098,1.47457
3.06592,1.45469
3.13942,1.43491
3.21982,1.41296
3.30065,1.39056
3.38764,1.36605
3.47646,1.34059
3.57116,1.31295
3.66888,1.28389
3.77254,1.25244
3.88029,1.21905
3.99431,1.18295
4.11349,1.14435
4.23951,1.10255
4.37177,1.05758
4.51165,1.0088
4.6589,0.956077
4.81439,0.899069
4.96497,0.843308
5.11306,0.788517
5.26543,0.732189
5.42715,0.672458
5.60248,0.607759
5.69907,0.572153
5.78604,0.540128
5.79365,0.53733
5.80624,0.532706
5.83266,0.523012
5.86442,0.511378
5.89847,0.498925
5.93396,0.485966
5.97213,0.472049
6.01101,0.4579
6.05047,0.443563
6.09046,0.429067
6.13133,0.414278
6.17298,0.399245
6.21487,0.384159
6.25697,0.369038
6.29924,0.353898
6.34166,0.338749
6.38422,0.323601
6.42689,0.308464
6.46985,0.293279
6.51313,0.278045
6.55646,0.262858
6.59983,0.247727
6.64322,0.232658
6.68664,0.217658
6.73007,0.20273
6.77351,0.187876
6.81697,0.173097
6.86044,0.158392
6.90393,0.14376
6.94743,0.129198
6.99095,0.114701
7.03448,0.100265
7.07803,0.085882
7.12159,0.0715457
7.16531,0.0572005
7.20908,0.042874
7.25285,0.028571
7.29663,0.0142827
7.3404,0.0
2.39111,1.6543
2.39842,1.65255
2.41882,1.64766
2.44236,1.642
2.46912,1.63555
2.49958,1.62818
2.53459,1.61969
2.57547,1.60972
2.62893,1.59659
2.70034,1.57886
2.75543,1.56503
2.8241,1.54762
2.88473,1.53207
2.95592,1.51361
3.02303,1.49599
3.09849,1.47591
3.17249,1.45595
3.25345,1.43379
3.33482,1.41117
3.42241,1.38643
3.51183,1.36073
3.60718,1.33282
3.70557,1.30348
3.80993,1.27173
3.91841,1.23804
4.0332,1.2016
4.15316,1.16264
4.28002,1.12046
4.41314,1.07509
4.55392,1.02588
4.70208,0.972724
4.85834,0.915355
5.00887,0.859564
5.15691,0.804743
5.30924,0.748384
5.4709,0.68862
5.64618,0.623884
5.74274,0.588253
5.8297,0.556202
5.83733,0.553393
5.84994,0.548756
5.87637,0.539045
5.90814,0.527393
5.9422,0.514919
5.97769,0.501937
6.01587,0.487996
6.05475,0.473821
6.09423,0.459456
6.13422,0.444931
6.1751,0.430111
6.21675,0.415044
6.25865,0.399922
6.30075,0.384763
6.34303,0.36958
6.38546,0.354387
6.42802,0.339191
6.4707,0.324002
6.51367,0.308762
6.55695,0.293469
6.60029,0.278218
6.64367,0.263019
6.68707,0.24788
6.73049,0.232807
6.77392,0.217802
6.81737,0.20287
6.86083,0.188012
6.90431,0.173229
6.94779,0.158519
6.99129,0.143882
7.03481,0.129313
7.07833,0.114809
7.12187,0.100365
7.16543,0.0859747
7.20914,0.0715828
7.25289,0.0572183
7.29665,0.0428865
7.34041,0.0285788
7.38416,0.0142863
7.42792,0.0
2.45426,1.66861
2.4706,1.66468
2.49752,1.65818
2.52815,1.65075
2.56338,1.64219
2.60451,1.63213
2.65833,1.61889
2.73026,1.60099
2.7857,1.58705
2.85485,1.56947
2.91588,1.55379
2.98756,1.53515
3.05512,1.51736
3.1311,1.4971
3.20559,1.47695
3.2871,1.45459
3.36903,1.43176
3.45721,1.40678
3.54724,1.38083
3.64324,1.35267
3.74228,1.32305
3.84735,1.291
3.95655,1.25699
4.07211,1.22022
4.19287,1.1809
4.32056,1.13834
4.45454,1.09258
4.59621,1.04296
4.74529,0.989359
4.90226,0.931647
5.05275,0.875826
5.20075,0.820976
5.35303,0.764587
5.51465,0.70479
5.68986,0.640018
5.78641,0.604363
5.87334,0.572288
5.88099,0.569468
5.89362,0.564819
5.92007,0.555093
5.95184,0.543422
5.98591,0.530928
6.02141,0.517925
6.05959,0.503961
6.09848,0.489762
6.13796,0.475371
6.17796,0.460818
6.21885,0.445968
6.2605,0.43087
6.30241,0.415713
6.34451,0.400518
6.3868,0.385296
6.42923,0.370061
6.4718,0.35482
6.51448,0.339583
6.55746,0.324291
6.60075,0.308941
6.6441,0.293631
6.68748,0.278369
6.73088,0.263163
6.77431,0.248019
6.81775,0.232941
6.86121,0.217934
6.90467,0.202999
6.94815,0.188137
6.99164,0.173349
7.03514,0.158635
7.07865,0.143992
7.12217,0.129418
7.1657,0.114908
7.20925,0.100457
7.25295,0.0860121
7.29669,0.0716019
7.34044,0.0572328
7.38418,0.0428968
7.42793,0.0285854
7.47166,0.0142896
7.5154,0.0
2.51776,1.68275
2.52595,1.68077
2.55676,1.67329
2.59219,1.66465
2.63359,1.65452
2.68777,1.64115
2.76022,1.62309
2.81601,1.60903
2.88564,1.59129
2.94707,1.57546
3.01924,1.55665
3.08724,1.53871
3.16374,1.51826
3.23872,1.49793
3.32079,1.47535
3.40326,1.45231
3.49205,1.42709
3.58268,1.40091
3.67932,1.37248
3.77903,1.34259
3.8848,1.31024
3.99473,1.27592
4.11105,1.23881
4.23261,1.19915
4.36112,1.15621
4.49596,1.11005
4.63852,1.06001
4.78852,1.00598
4.94617,0.947946
5.09661,0.892096
5.24457,0.837216
5.3968,0.780797
5.55837,0.720968
5.73353,0.656162
5.83005,0.620483
5.91697,0.588385
5.92464,0.585556
5.93728,0.580895
5.96374,0.571154
5.99553,0.559466
6.0296,0.546953
6.06511,0.53393
6.1033,0.519944
6.14219,0.505722
6.18168,0.491305
6.22168,0.476726
6.26257,0.461848
6.30423,0.446719
6.34614,0.431531
6.38825,0.416301
6.43054,0.401043
6.47298,0.385768
6.51555,0.370485
6.55825,0.355203
6.60123,0.339862
6.64453,0.32446
6.68788,0.309094
6.73127,0.293772
6.77468,0.278503
6.81811,0.263292
6.86156,0.248144
6.90502,0.233063
6.94849,0.218053
6.99197,0.203115
7.03546,0.18825
7.07896,0.173459
7.12247,0.15874
7.16599,0.144093
7.20952,0.129514
7.25306,0.114998
7.29675,0.100494
7.34049,0.0860314
7.38422,0.0716175
7.42795,0.057245
7.47168,0.0429059
7.51541,0.0285915
7.55912,0.0142927
7.60284,0.0
2.58161,1.69671
2.58541,1.69579
2.62105,1.68709
2.6627,1.67687
2.71725,1.66338
2.7902,1.64516
2.84636,1.63097
2.91647,1.61307
2.97829,1.59711
3.05095,1.57813
3.1194,1.56002
3.19641,1.53938
3.27189,1.51886
3.35451,1.49608
3.43753,1.47283
3.52691,1.44738
3.61814,1.42095
3.71544,1.39226
3.81581,1.3621
3.92228,1.32946
4.03293,1.29483
4.15002,1.25738
4.27237,1.21737
4.40171,1.17406
4.53741,1.12751
4.68086,1.07705
4.83177,1.0226
4.99005,0.96425
5.14046,0.908372
5.28837,0.853464
5.44056,0.797015
5.60208,0.737155
5.77719,0.672314
5.87369,0.636612
5.96058,0.604493
5.96827,0.601654
5.98093,0.596982
6.0074,0.587227
6.0392,0.575523
6.07328,0.562992
6.10879,0.54995
6.14699,0.535943
6.18589,0.521699
6.22538,0.507259
6.26538,0.492655
6.30628,0.47775
6.34795,0.462593
6.38986,0.447374
6.43198,0.432112
6.47427,0.416819
6.51671,0.401507
6.55929,0.386185
6.60199,0.370859
6.64498,0.355473
6.68828,0.340022
6.73164,0.324603
6.77503,0.309225
6.81845,0.293896
6.86189,0.278622
6.90534,0.263407
6.94881,0.248257
6.99228,0.233174
7.03577,0.218161
7.07926,0.20322
7.12276,0.188353
7.16627,0.173558
7.20979,0.158836
7.25332,0.144185
7.29686,0.129601
7.34054,0.115033
7.38427,0.100513
7.42799,0.0860474
7.47172,0.071631
7.51543,0.0572561
7.55914,0.0429146
7.60285,0.0285975
7.64655,0.0142958
7.69024,0.0
2.64581,1.71049
2.64994,1.70949
2.69184,1.69918
2.74676,1.68558
2.82023,1.66719
2.87673,1.65288
2.94732,1.63482
3.00954,1.61872
3.08269,1.59956
3.15158,1.5813
3.22911,1.56047
3.30508,1.53977
3.38826,1.51678
3.47182,1.49331
3.5618,1.46763
3.65364,1.44097
3.75158,1.41202
3.85261,1.38158
3.95979,1.34865
4.07117,1.31371
4.18902,1.27593
4.31216,1.23557
4.44233,1.19189
4.57888,1.14495
4.72322,1.09408
4.87503,1.0392
5.03392,0.98056
5.18429,0.924654
5.33216,0.869718
5.48431,0.81324
5.64578,0.753349
5.82083,0.688474
5.91731,0.652751
6.00419,0.62061
6.01189,0.617762
6.02457,0.61308
6.05105,0.603311
6.08285,0.591592
6.11694,0.579045
6.15246,0.565985
6.19066,0.551958
6.22957,0.537693
6.26906,0.52323
6.30907,0.508603
6.34997,0.493672
6.39164,0.478488
6.43356,0.46324
6.47568,0.447947
6.51797,0.432622
6.56042,0.417275
6.60301,0.401916
6.64571,0.386551
6.6887,0.371121
6.73201,0.355624
6.77537,0.340156
6.81877,0.324725
6.8622,0.30934
6.90564,0.294005
6.9491,0.278727
6.99257,0.26351
7.03605,0.248358
7.07954,0.233273
7.12304,0.218258
7.16655,0.203315
7.21006,0.188445
7.25358,0.173649
7.29711,0.158924
7.34064,0.144269
7.38432,0.129634
7.42804,0.11505
7.47176,0.100528
7.51547,0.0860614
7.55918,0.0716435
7.60287,0.0572668
7.64657,0.0429232
7.69025,0.0286036
7.73394,0.0142989
7.77761,0.0
2.71036,1.72409
2.72102,1.72146
2.7763,1.70775
2.85028,1.68918
2.90714,1.67476
2.97821,1.65654
3.04082,1.6403
3.11447,1.62097
3.1838,1.60255
3.26185,1.58153
3.33831,1.56065
3.42204,1.53745
3.50615,1.51377
3.59673,1.48786
3.68916,1.46096
3.78775,1.43175
3.88944,1.40104
3.99732,1.36781
4.10942,1.33256
4.22804,1.29446
4.35197,1.25375
4.48297,1.2097
4.62038,1.16237
4.7656,1.11109
4.91832,1.05579
5.07777,0.996874
5.2281,0.940942
5.37593,0.885979
5.52804,0.829473
5.68946,0.769551
5.86446,0.704644
5.96092,0.668898
6.04778,0.636737
6.0555,0.63388
6.06819,0.629189
6.09468,0.619407
6.12649,0.607673
6.16058,0.59511
6.19611,0.582033
6.23432,0.567988
6.27323,0.553702
6.31273,0.539219
6.35274,0.524568
6.39365,0.509614
6.43532,0.494404
6.47724,0.479129
6.51936,0.463807
6.56166,0.448451
6.60412,0.433071
6.6467,0.417676
6.68941,0.402274
6.73241,0.386804
6.77572,0.371264
6.81909,0.35575
6.86249,0.340269
6.90593,0.324831
6.94938,0.30944
6.99284,0.294102
7.03632,0.278822
7.0798,0.263603
7.1233,0.248449
7.1668,0.233362
7.21031,0.218346
7.25383,0.203401
7.29735,0.18853
7.34088,0.173731
7.38441,0.159003
7.42809,0.144298
7.4718,0.129649
7.51551,0.115065
7.55922,0.100542
7.60291,0.0860746
7.6466,0.0716557
7.69028,0.0572776
7.73395,0.0429319
7.77762,0.0286098
7.82129,0.0143021
7.86495,0.0
2.77527,1.73749
2.80587,1.72988
2.88037,1.71115
2.93759,1.6966
3.00913,1.67822
3.07214,1.66184
3.14627,1.64235
3.21604,1.62376
3.29461,1.60256
3.37157,1.58149
3.45584,1.55809
3.5405,1.5342
3.63168,1.50806
3.72471,1.48092
3.82395,1.45145
3.9263,1.42047
4.03488,1.38695
4.14771,1.3514
4.26709,1.31296
4.3918,1.2719
4.52363,1.22749
4.66189,1.17977
4.808,1.12809
4.96162,1.07237
5.12159,1.01319
5.27189,0.957235
5.41969,0.902246
5.57175,0.845712
5.73313,0.785761
5.90808,0.720821
6.00452,0.685055
6.09136,0.652873
6.09909,0.650008
6.1118,0.645307
6.1383,0.635513
6.17012,0.623765
6.20421,0.611187
6.23975,0.598094
6.27796,0.584031
6.31687,0.569726
6.35638,0.555223
6.39639,0.540551
6.4373,0.525574
6.47898,0.510339
6.5209,0.495039
6.56303,0.479689
6.60534,0.464304
6.64779,0.448893
6.69038,0.433465
6.73309,0.418027
6.7761,0.40252
6.81942,0.386939
6.86279,0.371381
6.9062,0.355854
6.94963,0.340366
6.99309,0.324922
7.03656,0.309527
7.08004,0.294187
7.12353,0.278905
7.16703,0.263685
7.21054,0.248529
7.25406,0.233442
7.29758,0.218424
7.3411,0.203479
7.38463,0.188606
7.42816,0.173805
7.47184,0.159028
7.51555,0.14431
7.55925,0.129661
7.60295,0.115078
7.64664,0.100555
7.69032,0.0860876
7.73399,0.0716681
7.77765,0.0572887
7.82131,0.0429409
7.86496,0.0286161
7.90861,0.0143054
7.95225,0.0
2.8406,1.75069
2.91049,1.73308
2.96806,1.71842
3.04008,1.69987
3.10348,1.68336
3.1781,1.66369
3.24832,1.64495
3.3274,1.62356
3.40485,1.60231
3.48968,1.5787
3.57488,1.5546
3.66665,1.52823
3.76029,1.50085
3.86017,1.47112
3.96318,1.43987
4.07247,1.40606
4.18602,1.37021
4.30616,1.33144
4.43166,1.29004
4.56432,1.24526
4.70343,1.19716
4.85042,1.14508
5.00494,1.08894
5.1654,1.02952
5.31566,0.973532
5.46342,0.918518
5.61545,0.861958
5.77679,0.801978
5.95169,0.737007
6.0481,0.70122
6.13492,0.669018
6.14268,0.666145
6.1554,0.661435
6.1819,0.651629
6.21373,0.639868
6.24783,0.627276
6.28337,0.614167
6.32159,0.600087
6.3605,0.585765
6.40001,0.571242
6.44003,0.55655
6.48095,0.541551
6.52262,0.526293
6.56455,0.510968
6.60668,0.495593
6.64899,0.48018
6.69145,0.46474
6.73405,0.449281
6.77676,0.433809
6.81977,0.418266
6.86309,0.402647
6.90647,0.387048
6.94988,0.371478
6.99332,0.355942
7.03678,0.340448
7.08026,0.325001
7.12375,0.309604
7.16724,0.294262
7.21075,0.278978
7.25426,0.263757
7.29778,0.248601
7.3413,0.233513
7.38483,0.218495
7.42836,0.203549
7.4719,0.188675
7.51557,0.173826
7.55928,0.159036
7.60298,0.144319
7.64668,0.129672
7.69036,0.11509
7.73403,0.100568
7.77769,0.086101
7.82134,0.0716808
7.86499,0.0572999
7.90863,0.04295
7.95226,0.0286225
7.9959,0.0143087
8.03952,0.0
2.90627,1.76366
2.94064,1.75499
2.99856,1.7402
3.07106,1.72149
3.13485,1.70484
3.20996,1.685
3.28062,1.6661
3.36022,1.64452
3.43816,1.6231
3.52354,1.59928
3.60929,1.57498
3.70166,1.54837
3.79589,1.52076
3.89642,1.49077
4.00009,1.45925
4.11008,1.42515
4.22435,1.38899
4.34526,1.3499
4.47154,1.30816
4.60502,1.26301
4.74498,1.21454
4.89285,1.16205
5.04826,1.1055
5.20919,1.04584
5.35942,0.989834
5.50714,0.934796
5.65913,0.878209
5.82043,0.818202
5.99528,0.7532
6.09167,0.717393
6.17848,0.685172
6.18625,0.682291
6.19898,0.677572
6.2255,0.667755
6.25733,0.655981
6.29143,0.643375
6.32698,0.630251
6.3652,0.616155
6.40412,0.601816
6.44363,0.587275
6.48366,0.572564
6.52457,0.557544
6.56625,0.542265
6.60818,0.526916
6.65032,0.511516
6.69263,0.496077
6.73509,0.480609
6.77769,0.46512
6.82041,0.449618
6.86342,0.434041
6.90675,0.418386
6.95013,0.402749
6.99354,0.387137
7.03699,0.371558
7.08046,0.356017
7.12394,0.340519
7.16743,0.325069
7.21093,0.30967
7.25444,0.294327
7.29796,0.279042
7.34149,0.26382
7.38501,0.248664
7.42855,0.233575
7.47208,0.218558
7.51561,0.203612
7.55929,0.18869
7.603,0.173829
7.6467,0.159042
7.69039,0.144327
7.73407,0.129682
7.77773,0.115102
7.82138,0.100582
7.86503,0.0861146
7.90866,0.0716938
7.95229,0.0573113
7.99591,0.0429592
8.03953,0.0286288
8.08315,0.0143119
8.12677,0.0
2.97247,1.77643
3.0291,1.76195
3.10207,1.74309
3.16626,1.7263
3.24186,1.70629
3.31296,1.68723
3.39307,1.66546
3.4715,1.64385
3.55743,1.61983
3.64373,1.59532
3.73669,1.56849
3.83153,1.54064
3.9327,1.51039
4.03703,1.47861
4.14771,1.44422
4.2627,1.40775
4.38437,1.36834
4.51144,1.32626
4.64574,1.28075
4.78655,1.23189
4.9353,1.17901
5.09161,1.12205
5.25296,1.06217
5.40315,1.00614
5.55085,0.951078
5.7028,0.894467
5.86405,0.834432
6.03886,0.7694
6.13523,0.733574
6.22202,0.701334
6.2298,0.698445
6.24255,0.693718
6.26908,0.683889
6.30091,0.672103
6.33502,0.659484
6.37057,0.646346
6.4088,0.632235
6.44772,0.617879
6.48724,0.603322
6.52726,0.588592
6.56818,0.573553
6.60987,0.558252
6.6518,0.542882
6.69394,0.527458
6.73625,0.511994
6.77872,0.4965
6.82132,0.480983
6.86404,0.465451
6.90706,0.449842
6.95039,0.434154
6.99377,0.41848
7.03719,0.40283
7.08064,0.387209
7.12411,0.371624
7.1676,0.356079
7.21109,0.340579
7.2546,0.325126
7.29812,0.309726
7.34164,0.294382
7.38517,0.279097
7.4287,0.263875
7.47224,0.248719
7.51578,0.233631
7.55932,0.218614
7.60299,0.20362
7.6467,0.188688
7.6904,0.17383
7.73409,0.159047
7.77776,0.144335
7.82142,0.129693
7.86507,0.115115
7.9087,0.100595
7.95233,0.0861286
7.99595,0.0717068
8.03956,0.0573227
8.08317,0.0429682
8.12678,0.028635
8.17038,0.014315
8.21398,0.0
3.03896,1.78898
3.05966,1.78367
3.13311,1.76465
3.19769,1.74772
3.27378,1.72754
3.34532,1.70832
3.42594,1.68637
3.50487,1.66458
3.59135,1.64035
3.67819,1.61564
3.77174,1.58858
3.86718,1.56049
3.969,1.52999
4.07398,1.49794
4.18537,1.46326
4.30108,1.4265
4.42351,1.38676
4.55136,1.34434
4.68649,1.29847
4.82814,1.24924
4.97776,1.19596
5.13496,1.13859
5.29672,1.0785
5.44687,1.02245
5.59453,0.967365
5.74645,0.910729
5.90767,0.850668
6.08242,0.785608
6.17878,0.749762
6.26555,0.717504
6.27335,0.714608
6.28611,0.709872
6.31264,0.700033
6.34448,0.688234
6.3786,0.675603
6.41415,0.662451
6.45238,0.648325
6.49131,0.633954
6.53083,0.61938
6.57086,0.604633
6.61178,0.589575
6.65347,0.574255
6.6954,0.558864
6.73755,0.543418
6.77986,0.527931
6.82233,0.512411
6.86493,0.496868
6.90766,0.481308
6.95068,0.465669
6.99401,0.449948
7.0374,0.434241
7.08082,0.418554
7.12428,0.402894
7.16775,0.387268
7.21124,0.371679
7.25474,0.356131
7.29825,0.340628
7.34178,0.325174
7.3853,0.309773
7.42884,0.294428
7.47238,0.279144
7.51592,0.263922
7.55946,0.248767
7.603,0.23368
7.64668,0.218616
7.69039,0.203612
7.73409,0.188683
7.77777,0.17383
7.82145,0.159051
7.8651,0.144343
7.90874,0.129704
7.95237,0.115128
7.99599,0.10061
8.0396,0.0861425
8.0832,0.0717198
8.1268,0.0573339
8.1704,0.042977
8.21399,0.0286411
8.25757,0.0143181
8.30116,0.0
3.10584,1.80132
3.16417,1.78618
3.22915,1.76912
3.30572,1.74877
3.37771,1.72939
3.45885,1.70726
3.53826,1.68528
3.62529,1.66085
3.71268,1.63593
3.80682,1.60864
3.90286,1.58032
4.00532,1.54956
4.11096,1.51724
4.22305,1.48228
4.33948,1.44521
4.46267,1.40516
4.5913,1.3624
4.72724,1.31617
4.86974,1.26656
5.02024,1.21289
5.17832,1.15512
5.34045,1.09484
5.49057,1.03876
5.6382,0.983655
5.79009,0.926996
5.95126,0.86691
6.12598,0.801822
6.22231,0.765957
6.30907,0.733682
6.31688,0.730778
6.32965,0.726034
6.35619,0.716184
6.38804,0.704374
6.42216,0.69173
6.45772,0.678566
6.49595,0.664426
6.53488,0.65004
6.5744,0.63545
6.61444,0.620686
6.65536,0.605611
6.69705,0.590272
6.73899,0.574861
6.78113,0.559394
6.82345,0.543884
6.86592,0.528341
6.90853,0.512773
6.95126,0.497186
6.99428,0.481519
7.03762,0.465768
7.08101,0.450028
7.12443,0.434307
7.16789,0.418611
7.21137,0.402945
7.25486,0.387314
7.29837,0.371722
7.34189,0.356172
7.38541,0.340667
7.42895,0.325213
7.47248,0.309811
7.51603,0.294467
7.55957,0.279183
7.60312,0.263962
7.64666,0.248808
7.69035,0.233675
7.73406,0.218601
7.77776,0.203602
7.82145,0.188678
7.86511,0.17383
7.90877,0.159056
7.95241,0.144352
7.99603,0.129715
8.03964,0.115141
8.08325,0.100624
8.12684,0.0861564
8.17043,0.0717325
8.21401,0.0573448
8.25759,0.0429855
8.30116,0.0286469
8.34474,0.014321
8.38831,0.0
3.1731,1.81345
3.19527,1.80768
3.26064,1.79048
3.3377,1.76996
3.41012,1.75043
3.49178,1.72811
3.57169,1.70596
3.65926,1.68132
3.74719,1.65619
3.84193,1.62868
3.93856,1.60012
4.04167,1.56911
4.14797,1.53653
4.26075,1.50128
4.3779,1.46391
4.50184,1.42353
4.63126,1.38044
4.76802,1.33385
4.91136,1.28387
5.06272,1.22982
5.22169,1.17164
5.38416,1.11117
5.53426,1.05508
5.68186,0.99995
5.83371,0.943268
5.99484,0.883157
6.16951,0.818042
6.26583,0.782159
6.35258,0.749867
6.3604,0.746956
6.37319,0.742204
6.39973,0.732344
6.43158,0.720523
6.46571,0.707866
6.50127,0.694689
6.53951,0.680536
6.57844,0.666136
6.61796,0.651531
6.658,0.636751
6.69893,0.621659
6.74062,0.606302
6.78256,0.590872
6.82471,0.575385
6.86703,0.559854
6.9095,0.544289
6.95211,0.528697
6.99484,0.513084
7.03787,0.497391
7.08121,0.481611
7.1246,0.465841
7.16803,0.450087
7.21149,0.434357
7.25497,0.418655
7.29847,0.402984
7.34198,0.38735
7.3855,0.371755
7.42903,0.356203
7.47257,0.340698
7.51611,0.325243
7.55966,0.309841
7.60321,0.294498
7.64676,0.279215
7.69031,0.263996
7.734,0.248796
7.77771,0.233653
7.82141,0.218584
7.8651,0.203591
7.90877,0.188673
7.95242,0.17383
7.99606,0.159061
8.03968,0.144361
8.08329,0.129727
8.12688,0.115155
8.17047,0.100638
8.21405,0.0861699
8.25762,0.0717448
8.30119,0.0573552
8.34475,0.0429936
8.38831,0.0286524
8.43187,0.0143237
8.47543,0.0
3.24078,1.82537
3.29216,1.81182
3.3697,1.79113
3.44257,1.77144
3.52473,1.74894
3.60513,1.72661
3.69326,1.70176
3.78173,1.67643
3.87706,1.64869
3.97429,1.6199
4.07804,1.58863
4.18499,1.55579
4.29847,1.52025
4.41634,1.48259
4.54104,1.44189
4.67124,1.39846
4.80881,1.35152
4.95299,1.30117
5.10522,1.24673
5.26507,1.18815
5.42786,1.12751
5.57792,1.0714
5.72549,1.01625
5.87731,0.959544
6.03841,0.899409
6.21304,0.834268
6.30934,0.798368
6.39607,0.766058
6.40391,0.763141
6.41671,0.758381
6.44326,0.748511
6.47511,0.736679
6.50925,0.724011
6.54481,0.710822
6.58305,0.696655
6.62198,0.682241
6.66151,0.667622
6.70155,0.652827
6.74248,0.637719
6.78418,0.622345
6.82612,0.606896
6.86827,0.59139
6.91059,0.57584
6.95307,0.560253
6.99568,0.544638
7.03841,0.529002
7.08144,0.513283
7.12478,0.497476
7.16817,0.481677
7.21161,0.465893
7.25507,0.45013
7.29856,0.434393
7.34206,0.418686
7.38557,0.403012
7.4291,0.387375
7.47263,0.371778
7.51617,0.356225
7.55972,0.340719
7.60327,0.325264
7.64683,0.309864
7.69038,0.294521
7.73394,0.27924
7.77763,0.263975
7.82135,0.248766
7.86505,0.233629
7.90874,0.218567
7.95241,0.20358
7.99606,0.188669
8.0397,0.173831
8.08331,0.159066
8.12692,0.14437
8.17051,0.129739
8.21409,0.115168
8.25766,0.100651
8.30123,0.0861829
8.34478,0.0717566
8.38834,0.0573652
8.43189,0.0430014
8.47543,0.0286576
8.51898,0.0143263
8.56252,0.0
3.37728,1.84856
3.43383,1.83342
3.50757,1.81341
3.59076,1.79054
3.67214,1.76785
3.76136,1.7426
3.85092,1.71686
3.94743,1.68866
4.04586,1.65941
4.15089,1.62763
4.25915,1.59426
4.37403,1.55816
4.49332,1.5199
4.61953,1.47857
4.75129,1.43448
4.89049,1.38683
5.03634,1.33575
5.1903,1.28053
5.3519,1.22117
5.51526,1.16022
5.6653,1.10407
5.81284,1.04889
5.96464,0.992163
6.12572,0.931999
6.30032,0.866826
6.39662,0.830904
6.48335,0.798573
6.49122,0.795643
6.50404,0.790869
6.53062,0.780984
6.5625,0.769134
6.59665,0.756449
6.63224,0.743241
6.67049,0.729055
6.70945,0.714621
6.749,0.69998
6.78907,0.685163
6.83002,0.670031
6.87174,0.654632
6.91371,0.639157
6.95589,0.623624
6.99824,0.608043
7.04075,0.592426
7.08339,0.576779
7.12616,0.561108
7.16923,0.545352
7.2126,0.529506
7.25604,0.513666
7.29952,0.497838
7.34303,0.482028
7.38656,0.466241
7.43012,0.45048
7.47369,0.43475
7.51728,0.419052
7.56088,0.403391
7.60449,0.387769
7.64811,0.37219
7.69175,0.356657
7.73539,0.341174
7.77903,0.325745
7.82268,0.310373
7.86647,0.295013
7.91029,0.279705
7.95409,0.264467
7.99789,0.249301
8.04166,0.23421
8.08542,0.219194
8.12916,0.204253
8.17288,0.189387
8.21658,0.174592
8.26026,0.159868
8.30393,0.145209
8.34757,0.130611
8.3912,0.116071
8.43482,0.101581
8.47842,0.0871358
8.522,0.0727287
8.56556,0.0583528
8.60911,0.0440007
8.65265,0.0296649
8.74275,0.0
3.51532,1.8709
3.57268,1.85528
3.65689,1.83204
3.73925,1.80899
3.82956,1.78333
3.9202,1.75718
4.0179,1.72854

4.11751,1.69882
4.22382,1.66654
4.33339,1.63265
4.44965,1.59598
4.57038,1.55714
4.69809,1.51518
4.8314,1.47042
4.97222,1.42208
5.11973,1.37026
5.27541,1.31429
5.43875,1.25414
5.60259,1.19292
5.75259,1.13674
5.90012,1.08153
6.05189,1.02477
6.21294,0.964578
6.38752,0.899374
6.48382,0.863429
6.57055,0.831076
6.57844,0.828134
6.59129,0.823347
6.61789,0.813446
6.64979,0.801581
6.68396,0.788878
6.71957,0.775652
6.75785,0.761447
6.79683,0.746993
6.8364,0.732331
6.87649,0.717493
6.91746,0.702338
6.95921,0.686916
7.0012,0.671416
7.04341,0.655856
7.08579,0.640248
7.12832,0.624601
7.171,0.608922
7.2138,0.593219
7.2569,0.577428
7.30031,0.561545
7.34379,0.545666
7.38731,0.529796
7.43086,0.513942
7.47445,0.498108
7.51805,0.482297
7.56168,0.466513
7.60532,0.450759
7.64899,0.435037
7.69266,0.41935
7.73636,0.403701
7.78007,0.388095
7.82379,0.372534
7.86752,0.357023
7.91125,0.341564
7.95513,0.326113
7.99905,0.31071
8.04296,0.295374
8.08685,0.280108
8.13074,0.264914
8.1746,0.249794
8.21844,0.23475
8.26226,0.219781
8.30606,0.204886
8.34984,0.190065
8.39359,0.175314
8.43732,0.16063
8.48103,0.14601
8.5247,0.131449
8.56836,0.116941
8.61198,0.102481
8.65558,0.0880628
8.69915,0.073679
8.74269,0.0593228
8.83277,0.0296427
8.92277,0.0
3.65481,1.89235
3.72312,1.87344
3.80645,1.85003
3.89785,1.82397
3.98957,1.79742
4.08845,1.76832
4.18925,1.73815
4.29683,1.70537
4.40771,1.67095
4.52536,1.63373
4.6475,1.59429
4.77672,1.55171
4.91157,1.5063
5.054,1.45726
5.20317,1.40473
5.36055,1.348
5.52561,1.28709
5.68984,1.22563
5.83982,1.16941
5.98731,1.11417
6.13906,1.05737
6.30009,0.997148
6.47463,0.931911
6.57093,0.895944
6.65766,0.86357
6.66558,0.860616
6.67845,0.855816
6.70507,0.8459
6.73699,0.834019
6.77119,0.821299
6.80682,0.808056
6.84511,0.793832
6.88411,0.779359
6.92371,0.764677
6.96381,0.749818
7.00481,0.734642
7.04658,0.719196
7.0886,0.703672
7.13083,0.688087
7.17324,0.672453
7.2158,0.656778
7.25851,0.64107
7.30134,0.625335
7.34447,0.609511
7.38792,0.593593
7.43143,0.577677
7.47499,0.561768
7.51859,0.545872
7.56221,0.529993
7.60587,0.514135
7.64954,0.498301
7.69324,0.482493
7.73696,0.466713
7.7807,0.450965
7.82446,0.435252
7.86824,0.419576
7.91204,0.403942
7.95585,0.388352
7.99967,0.372811
8.04364,0.357273
8.08765,0.34178
8.13165,0.326349
8.17565,0.310986
8.21963,0.295692
8.26359,0.28047
8.30754,0.265323
8.35146,0.250251
8.39537,0.235255
8.43924,0.220335
8.48309,0.205488
8.5269,0.190713
8.57069,0.176008
8.61444,0.161368
8.65815,0.14679
8.70183,0.132269
8.74547,0.117798
8.78907,0.103373
8.83263,0.0889854
8.92269,0.0592756
9.01266,0.0296181
9.10254,0.0
3.79583,1.91293
3.87374,1.89097
3.96623,1.86451
4.05903,1.83755
4.15908,1.80801
4.26107,1.77738
4.36992,1.7441
4.4821,1.70917
4.60112,1.67139
4.72469,1.63137
4.8554,1.58817
4.99179,1.54211
5.13583,1.49239
5.28664,1.43914
5.44571,1.38167
5.61249,1.31999
5.77702,1.25834
5.92697,1.20208
6.07444,1.1468
6.22616,1.08997
6.38715,1.02971
6.56166,0.964441
6.65795,0.928451
6.74469,0.896055
6.75263,0.893089
6.76553,0.888277
6.79217,0.878347
6.82411,0.866449
6.85833,0.853713
6.89398,0.840453
6.93229,0.826211
6.97131,0.811719
7.01093,0.797019
7.05106,0.782139
7.09208,0.766942
7.13387,0.751474
7.17591,0.735928
7.21816,0.720318
7.26059,0.704658
7.30318,0.688957
7.34592,0.673221
7.38878,0.657456
7.43194,0.641601
7.47543,0.62565
7.51897,0.609698
7.56257,0.593752
7.6062,0.577816
7.64987,0.561896
7.69357,0.545993
7.73729,0.530111
7.78104,0.514253
7.82482,0.498419
7.86862,0.482613
7.91244,0.466839
7.95628,0.451098
8.00015,0.435394
8.04403,0.41973
8.08793,0.404111
8.13199,0.388491
8.17608,0.372911
8.22018,0.35739
8.26427,0.341932
8.30835,0.326541
8.35242,0.31122
8.39647,0.295972
8.44049,0.280798
8.48449,0.2657
8.52847,0.250679
8.57241,0.235734
8.61632,0.220865
8.66019,0.20607
8.70402,0.191347
8.74781,0.176691
8.79154,0.162101
8.83524,0.14757
8.87888,0.133093
8.92247,0.118664
9.01251,0.0889109
9.10246,0.0592241
9.19231,0.0295914
9.28206,0.0
3.93828,1.93263
3.94112,1.93182
4.0347,1.90497
4.12857,1.8776
4.22979,1.84762
4.33296,1.81653
4.44309,1.78275
4.55656,1.74731
4.67696,1.70897
4.80194,1.66838
4.93413,1.62456
5.07205,1.57786
5.21769,1.52745
5.37014,1.4735
5.5309,1.41529
5.69937,1.35287
5.86412,1.29105
6.01405,1.23475
6.16149,1.17943
6.31318,1.12257
6.47415,1.06227
6.64862,0.996966
6.74491,0.960952
6.83164,0.928534
6.83961,0.925556
6.85254,0.920731
6.8792,0.910786
6.91116,0.898874
6.94539,0.886122
6.98106,0.872845
7.0194,0.858586
7.05843,0.844076
7.09807,0.829356
7.13822,0.814457
7.17926,0.79924
7.22107,0.783751
7.26313,0.768182
7.30541,0.75255
7.34787,0.736866
7.39048,0.721139
7.43324,0.705376
7.47613,0.689583
7.51932,0.673698
7.56284,0.657715
7.60642,0.64173
7.65005,0.625748
7.69372,0.609775
7.73743,0.593815
7.78116,0.57787
7.82493,0.561944
7.86873,0.546037
7.91256,0.530153
7.95641,0.514293
8.00029,0.49846
8.0442,0.482658
8.08813,0.466888
8.13208,0.451155
8.17606,0.435462
8.22019,0.419763
8.26437,0.404101
8.30856,0.388493
8.35274,0.372945
8.39691,0.35746
8.44108,0.342043
8.48522,0.326695
8.52935,0.311421
8.57345,0.296223
8.61753,0.281101
8.66157,0.266057
8.70557,0.251091
8.74953,0.236202
8.79345,0.22139
8.83731,0.206652
8.88112,0.191985
8.92487,0.177386
8.96856,0.162849
9.01219,0.148371
9.10221,0.11856
9.19214,0.0888305
9.28197,0.0591691
9.3717,0.0295633
9.46132,0.0
4.08209,1.95142
4.10325,1.94533
4.19819,1.91756
4.30058,1.88713
4.40493,1.85559
4.51632,1.82133
4.63108,1.78537
4.75286,1.74648
4.87924,1.70532
5.01292,1.66088
5.15236,1.61354
5.29959,1.56246
5.45366,1.50781
5.6161,1.44887
5.78625,1.38571
5.95116,1.32375
6.10105,1.26742
6.24847,1.21207
6.40013,1.15517
6.56107,1.09483
6.73551,1.02949
6.83179,0.993449
6.91852,0.961008
6.92652,0.958019
6.93947,0.953181
6.96615,0.943222
6.99813,0.931294
7.03238,0.918526
7.06807,0.905233
7.10642,0.890956
7.14548,0.876429
7.18513,0.861691
7.2253,0.846774
7.26637,0.831536
7.3082,0.816027
7.35028,0.800437
7.39258,0.784782
7.43506,0.769075
7.4777,0.753323
7.52048,0.737535
7.5634,0.721715
7.60662,0.705802
7.65016,0.689789
7.69377,0.673772
7.73743,0.657757
7.78114,0.641749
7.82489,0.625751
7.86866,0.609766
7.91247,0.593797
7.95632,0.577845
8.00019,0.561913
8.04409,0.546002
8.08803,0.530115
8.13199,0.514254
8.17599,0.498423
8.22001,0.482624
8.26405,0.466861
8.30826,0.451088
8.35252,0.435348
8.39679,0.419658
8.44106,0.404023
8.48532,0.388448
8.52958,0.372937
8.57382,0.357494
8.61805,0.342121
8.66225,0.326823
8.70642,0.311601
8.75056,0.296457
8.79466,0.281393
8.83872,0.266408
8.88272,0.251504
8.92667,0.236678
8.97055,0.22193
9.01437,0.207255
9.05812,0.192652
9.10181,0.178114
9.19181,0.148235
9.28172,0.118449
9.37153,0.0887455
9.46123,0.0591114
9.55083,0.029534
9.64032,0.0
4.12219,1.95646
4.21743,1.92858
4.32014,1.89803
4.42481,1.86636
4.53655,1.83196
4.65167,1.79587
4.77382,1.75683
4.9006,1.71551
5.03468,1.6709
5.17455,1.62338
5.32221,1.57212
5.47673,1.51727
5.63962,1.45814
5.81024,1.39477
5.97516,1.33278
6.12502,1.27643
6.2724,1.22105
6.42401,1.16412
6.58489,1.10376
6.75927,1.03839
6.85553,1.00233
6.94223,0.969878
6.95024,0.966884
6.96319,0.962041
6.98987,0.952075
7.02185,0.94014
7.0561,0.927365
7.09178,0.914064
7.13013,0.89978
7.16918,0.885244
7.20883,0.870497
7.24899,0.85557
7.29005,0.840323
7.33187,0.824804
7.37395,0.809204
7.41624,0.793538
7.45871,0.77782
7.50134,0.762056
7.54412,0.746256
7.58702,0.730423
7.63023,0.714496
7.67376,0.698469
7.71736,0.682436
7.76101,0.666405
7.80471,0.65038
7.84844,0.634364
7.8922,0.61836
7.936,0.602371
7.97982,0.586398
8.02368,0.570443
8.06757,0.554507
8.11148,0.538595
8.15543,0.522707
8.1994,0.506846
8.24339,0.491016
8.28741,0.47522
8.33159,0.459412
8.37582,0.443634
8.42006,0.427905
8.46429,0.412229
8.50852,0.396611
8.55274,0.381055
8.59695,0.365565
8.64113,0.350144
8.68529,0.334797
8.72942,0.319525
8.77351,0.304331
8.81757,0.289217
8.86158,0.274184
8.90553,0.259231
8.94944,0.24436
8.99328,0.229567
9.03706,0.214852
9.08077,0.20021
9.12441,0.185639
9.21431,0.155707
9.30413,0.125877
9.39387,0.0961364
9.48352,0.0664738
9.57307,0.0368764
9.66253,0.00733117
9.68473,0.0
